question_id,answer_id,model_id,choice_index,turn_index,turn
1,LR5WzLKVu7at6J8b7prcz2,gpt-4,0,0,"以下に、ディレクトリ内の全てのテキストファイルを読み込んで、出現回数が最も多い上位5単語を返すPythonプログラムを示します。

```python
import os
import collections
from collections import Counter
import glob

def count_words_in_dir(dir_path, top_n):
    word_counter = Counter()
    
    txt_files = glob.glob(os.path.join(dir_path, '*.txt'))

    for txt_file in txt_files:
        with open(txt_file, 'r') as file:
            words = file.read().split()
            word_counter += Counter(words)

    # 出現回数が最も多い上位5単語を取得
    most_common_words = word_counter.most_common(top_n)

    return most_common_words

# 使用例
dir_path = '/path/to/your/directory' # ここにディレクトリパスを指定
top_n = 5
print(count_words_in_dir(dir_path, top_n))
```

このプログラムは指定したディレクトリ内の全てのテキストファイルを読み込み、すべての単語の出現回数をカウントします。そして、collections.Counterオブジェクトの`most_common()`メソッドを使って、出現回数が最も多い上位n単語を取得します。"
1,LR5WzLKVu7at6J8b7prcz2,gpt-4,0,1,"はい、可能です。Pythonの`concurrent.futures`モジュールを使用して並列化することが可能です。以下にそれを適用した例を示します。

```python
import os
import glob
from collections import Counter
from concurrent.futures import ProcessPoolExecutor, as_completed

def count_words_in_file(file_path):
    with open(file_path, 'r') as file:
        words = file.read().split()
        word_counter = Counter(words)
    return word_counter

def count_words_in_dir(dir_path, top_n):
    txt_files = glob.glob(os.path.join(dir_path, '*.txt'))
    word_counter = Counter()

    # ProcessPoolExecutorを使用してファイルごとに分割して並列処理
    with ProcessPoolExecutor(max_workers=os.cpu_count()) as executor:
        futures = {executor.submit(count_words_in_file, txt_file): txt_file for txt_file in txt_files}
        for future in as_completed(futures):
            word_counter += future.result()

    most_common_words = word_counter.most_common(top_n)
    return most_common_words

# 使用例
dir_path = '/path/to/your/directory' # ここにディレクトリパスを指定
top_n = 5
print(count_words_in_dir(dir_path, top_n))
```

このプログラムでは、各テキストファイルの単語数をカウントする作業を並列化しています。ファイルの読み込みと単語数のカウントはCPU密集型の作業なので、`ProcessPoolExecutor`を使用して複数のプロセスで並列に行うことで、全体の処理時間を短縮することができます。

ただし、並列化にはオーバーヘッドがあるため、ファイル数やファイルの大きさによっては逐次処理の方が早い場合もあります。また、並列化する際にはメモリ使用量が増える点も考慮する必要があります。"
2,m7jG9BFJBG56MticU27XHd,gpt-4,0,0,"以下はフィボナッチ数列を求めるための再帰を使用したC++プログラムです。

```cpp
#include<iostream>
using namespace std;

long long fibonacci(int n) {
    if(n <= 1) {
        return n;
    } else {
        return(fibonacci(n - 1) + fibonacci(n - 2));
    }
}

int main() {
    int n;
    cout << ""Enter the term to find in Fibonacci sequence: "";
    cin >> n;
    cout << ""The "" << n << ""th term in Fibonacci sequence is "" << fibonacci(n) << endl;
    return 0;
}
```

このプログラムはユーザーにフィボナッチ数列の何番目の項を求めたいかを尋ね、その番号を`n`として入力します。それから再帰関数`fibonacci()`を呼び出します。この関数は引数`n`が1以下かどうかをチェックし、そうであれば`n`をそのまま返します。そうでない場合、関数は自身を2回再帰的に呼び出し、その結果を合計して返します。

ただし、このプログラムは大きなフィボナッチ数を計算する際には効率が悪くなります。なぜなら、それぞれのフィボナッチ数の計算が何度も繰り返されるからです。そのため、大きな値に対しては動的プログラミングなどの方法を使用すると良いでしょう。"
2,m7jG9BFJBG56MticU27XHd,gpt-4,0,1,"あなたが求めている数列は、n番目の数が前の3つの数の和であるような数列で、最初の3つの数は0、-1、-1であると理解しました。以下にそのためのC++プログラムを書きます。

```cpp
#include<iostream>
using namespace std;

long long sequence(int n) {
    if(n == 0) {
        return 0;
    } else if(n == 1 || n == 2) {
        return -1;
    } else {
        return sequence(n - 1) + sequence(n - 2) + sequence(n - 3);
    }
}

int main() {
    int n;
    cout << ""Enter the term to find in the sequence: "";
    cin >> n;
    cout << ""The "" << n << ""th term in the sequence is "" << sequence(n) << endl;
    return 0;
}
```

このプログラムでは、あなたが指定した数列のn番目の項を求めています。最初の3つの項（0番目、1番目、2番目）は直接返すように指定されており、それ以外の項は前の3つの項の和として計算されます。

ただし、このプログラムも再帰を使用しているため、大きな項を求める際には効率が悪い点に注意してください。大きな項を求めるためには、動的プログラミングやメモ化などのテクニックを使用すると良いでしょう。"
3,ZnhhXxEdKBPPucm3ni2gC4,gpt-4,0,0,"以下に要求された機能を持つシンプルなHTMLを提供します。HTML, CSS、JavaScriptを使用して実装しています。

```html
<!DOCTYPE html>
<html>
<head>
    <title>Joke Generator</title>
    <style>
        body {
            font-family: Arial, sans-serif;
            display: flex;
            justify-content: center;
            align-items: center;
            height: 100vh;
            margin: 0;
            background-color: #f5f5f5;
            color: #333;
        }
        button {
            padding: 10px 20px;
            font-size: 20px;
            margin-top: 20px;
        }
    </style>
</head>
<body>
    <div>
        <h1>Joke Generator</h1>
        <p id=""joke"">Click the button to generate a joke</p>
        <button onclick=""generateJoke()"">Generate Joke</button>
    </div>
    
    <script>
        function generateJoke() {
            var jokes = [
                ""Why don't scientists trust atoms? Because they make up everything!"",
                ""Why did the chicken go to the seance? To talk to the other side!"",
                ""Why don't some animals play cards? Because they're afraid of cheetahs!"",
                ""What do you call fake spaghetti? An impasta!""
            ];
            var joke = jokes[Math.floor(Math.random() * jokes.length)];
            document.getElementById('joke').textContent = joke;
        }
    </script>
</body>
</html>
```

このウェブサイトは、ユーザーが「Generate Joke」ボタンをクリックすると、4つのジョークの中からランダムに一つを選んで表示します。"
3,ZnhhXxEdKBPPucm3ni2gC4,gpt-4,0,1,"ジョークのテキスト色を赤にするには、CSSに次のスタイルルールを追加します：

```css
#joke {
    color: red;
}
```

これは、HTML要素に適用されるIDセレクタを使用したものです。つまり、`id=""joke""`が設定されている要素（この場合、ジョークを表示する`<p>`タグ）のテキスト色を赤にします。

したがって、全体のコードは次のようになります：

```html
<!DOCTYPE html>
<html>
<head>
    <title>Joke Generator</title>
    <style>
        body {
            font-family: Arial, sans-serif;
            display: flex;
            justify-content: center;
            align-items: center;
            height: 100vh;
            margin: 0;
            background-color: #f5f5f5;
            color: #333;
        }
        #joke {
            color: red;
        }
        button {
            padding: 10px 20px;
            font-size: 20px;
            margin-top: 20px;
        }
    </style>
</head>
<body>
    <div>
        <h1>Joke Generator</h1>
        <p id=""joke"">Click the button to generate a joke</p>
        <button onclick=""generateJoke()"">Generate Joke</button>
    </div>
    
    <script>
        function generateJoke() {
            var jokes = [
                ""Why don't scientists trust atoms? Because they make up everything!"",
                ""Why did the chicken go to the seance? To talk to the other side!"",
                ""Why don't some animals play cards? Because they're afraid of cheetahs!"",
                ""What do you call fake spaghetti? An impasta!""
            ];
            var joke = jokes[Math.floor(Math.random() * jokes.length)];
            document.getElementById('joke').textContent = joke;
        }
    </script>
</body>
</html>
```

これで、ジョークのテキストが赤色になります。"
4,DwZ352pGBHHLTBis4DkA69,gpt-4,0,0,"このPython関数は、二つの文字列の間の最長共通部分列 (Longest Common Subsequence, LCS) の長さを見つけるためのもので、動的計画法 (Dynamic Programming) を使用しています。このコードにはバグがなく、期待通りに動作するはずです。

この関数は、以下の手順で動作します：

1. まず、二つの文字列の長さを取得し、それぞれを `m` と `n` に格納します。

2. 次に、`m + 1` 行と `n + 1` 列の二次元配列 `dp` を初期化します。この配列は、部分問題の解を保存します。

3. この配列を使用して、二つの文字列の各要素を比較します。もし二つの要素が一致する場合は、対応する `dp` 値を左上隅の値に 1 を加えたものとします。一致しない場合は、上または左の `dp` 値の中で大きい方を選びます。

4. 最後に、`dp[m][n]` を返します。これは二つの入力文字列の最長共通部分列の長さになります。"
4,DwZ352pGBHHLTBis4DkA69,gpt-4,0,1,"この関数も最長共通部分列 (LCS) を求めるPython関数ですが、問題が一つあります。

関数の初めに二次元リスト `dp` を作成していますが、その全ての値を `None` で初期化してしまっています。そのため、最初の行と最初の列が0で初期化されていないため、`dp[i-1][j-1]+1` または `max(dp[i-1][j], dp[i][j-1])` の計算時に `None` と整数との演算が起こり、エラーが出ます。

この問題を解決するためには、`dp` の初期化を以下のように0で行う必要があります。

```
dp = [[0]*(n+1) for _ in range(m+1)]
```

これにより、最初の行と最初の列が0で初期化され、`None` と整数との演算が発生することを防げます。"
5,ftEyXHLZdjH5KP8yMyegzS,gpt-4,0,0,"Pythonでの解答例は以下の通りです。以下のコードでは、最初に二つのノードが存在するかチェックした後、再帰的に最高の共通祖先を探します。

```python
class Node:
    def __init__(self, key):
        self.key = key
        self.left = None
        self.right = None

def findPath(root, path, k):
    if root is None:
        return False
    path.append(root.key)
    if root.key == k:
        return True
    if ((root.left != None and findPath(root.left, path, k)) or
            (root.right!= None and findPath(root.right, path, k))):
        return True
    path.pop()
    return False

def findLCA(root, n1, n2):
    path1 = []
    path2 = []
    if (not findPath(root, path1, n1) or not findPath(root, path2, n2)):
        return -1
    i = 0
    while(i < len(path1) and i < len(path2)):
        if path1[i] != path2[i]:
            break
        i += 1
    return path1[i-1]

root = Node(1)
root.left = Node(2)
root.right = Node(3)
root.left.left = Node(4)
root.left.right = Node(5)
root.right.left = Node(6)
root.right.right = Node(7)

print(""LCA(4, 5) = %d"" %(findLCA(root, 4, 5)))
print(""LCA(4, 6) = %d"" %(findLCA(root, 4, 6)))
print(""LCA(3, 4) = %d"" %(findLCA(root, 3, 4)))
print(""LCA(2, 4) = %d"" %(findLCA(root, 2, 4)))
```
このコードは、バイナリツリーの最高の共通祖先を見つけるためのものです。各ノードはキー、左の子、右の子を持つオブジェクトとして定義されています。findPath関数は、指定されたキーまでのパスを見つけます。findLCA関数は、2つのノードの最高の共通祖先を見つけます。"
5,ftEyXHLZdjH5KP8yMyegzS,gpt-4,0,1,"二分木でない場合、つまり各ノードが2つ以上の子を持つことができる場合、共通祖先を見つけるためのアプローチは少し変わります。以下に一般的な木構造に対する解答例を示します。

```python
class Node:
    def __init__(self, key):
        self.key = key
        self.children = []

def findLCA(root, n1, n2):
    path1 = []
    path2 = []
    if (not findPath(root, path1, n1) or not findPath(root, path2, n2)):
        return -1
    i = 0
    while(i < len(path1) and i < len(path2)):
        if path1[i] != path2[i]:
            break
        i += 1
    return path1[i-1]

def findPath(root, path, k):
    if root is None:
        return False
    path.append(root.key)
    if root.key == k:
        return True
    for child in root.children:
        if findPath(child, path, k):
            return True
    path.pop()
    return False
```
このコードでは、Nodeクラスがchildrenというリストを持つことで、各ノードが複数の子を持つことが可能になります。findPath関数は再帰的に各子に対して呼び出され、指定されたキーが見つかるまでパスを追跡します。findLCA関数は、findPathを使用して2つのノードまでのパスを見つけ、最初の不一致の前のノードを共通祖先として返します。"
6,6xA53ZxTGJbDJMv29WxFri,gpt-4,0,0,"以下にPythonでの実装を示します。この実装では、2つのソート済みの配列nums1とnums2を引数として取り、それらの中央値を返します。

```python
def findMedianSortedArrays(nums1, nums2):
    a, b = sorted((nums1, nums2), key=len)
    m, n = len(a), len(b)
    after = (m + n - 1) // 2

    lo, hi = 0, m
    while lo < hi:
        i = (lo + hi) // 2
        if after-i-1 < 0 or a[i] >= b[after-i-1]:
            hi = i
        else:
            lo = i + 1

    i = lo
    nextfew = sorted(a[i:i+2] + b[after-i:after-i+2])
    return (nextfew[0] + nextfew[1 - (m+n)%2]) / 2.0
```

この関数では、まず2つの配列を長さでソートし、配列aとbがそれぞれ短い配列と長い配列になるようにします。次に、中央値の位置（after）を計算します。その後、短い配列a内の可能な中央値の位置を二分探索で探します。最後に、見つけた中央値の位置から次の数値を計算し、それらの平均を返します。

このアルゴリズムは、時間複雑度O(log(min(m, n)))で動作し、追加のメモリを必要としないため、空間複雑度はO(1)です。ただし、この問題はあくまで理論的なものであり、実際の実装では、Pythonのsort関数や新たな配列の作成などで追加のメモリが必要となることに注意してください。"
6,6xA53ZxTGJbDJMv29WxFri,gpt-4,0,1,"はい、実はさらに良い時間複雑度を持つ実装があります。2つのソートされた配列の中央値を見つける問題は、実質的には「2つのソートされた配列のK番目の要素を見つける」という問題に帰着できます。これを利用した実装では、時間複雑度を O(log(min(m, n))) まで改善できます。

具体的には、2つの配列の長さの合計が偶数の場合と奇数の場合で、求めるべきK番目の要素の位置が変わります。そして、このK番目の要素を二分探索を用いて効率良く探すことができます。

ただし、このような実装はコードがやや複雑になりますし、理解するのも難しくなります。また、実際のプログラムの実行速度は、アルゴリズムの時間複雑度だけでなく、その他の要素（例えば、メモリアクセスのパターン、CPUのキャッシュの利用状況、など）にも大きく影響されます。そのため、必ずしも時間複雑度が良いからといって、全ての状況でその実装が最も速いとは限らないことに注意が必要です。"
7,euoshT2A2a5XPxHUDwuhqQ,gpt-4,0,0,"Boyer-Moore投票アルゴリズムは、過半数存在する要素を効率的に見つけることができるアルゴリズムです。以下に、Pythonでそのアルゴリズムを使用して過半数要素を見つける関数を示します。

```python
def find_majority_element(nums):
    count = 0
    candidate = None

    for num in nums:
        if count == 0:
            candidate = num
        count += (1 if num == candidate else -1)

    return candidate
```

この関数は、配列を左から右へスキャンしていきます。初めての要素は候補となります。同じ要素が続けて出てきた場合はカウントが増え、違う要素が出てきた場合はカウントが減ります。カウントが0になったときには、新しい候補を選びます。結果として、最も多く出現する要素が候補として残ります。

ただし、この関数は配列に過半数存在する要素が必ずあることを前提としています。過半数存在する要素がない場合は、最後に保持された候補が返されますが、それが過半数を占めているわけではありません。そのため、過半数存在する要素が必ずあることが保証されている場合にのみ使用してください。"
7,euoshT2A2a5XPxHUDwuhqQ,gpt-4,0,1,"過半数存在する要素を見つけるBoyer-Moore投票アルゴリズムを2つの候補に対して拡張することで、最も多く出現する上位2要素を見つけることができます。以下にそのためのPythonコードを示します。

```python
def find_top_two(nums):
    # 候補1とその出現回数
    candidate1, count1 = None, 0
    # 候補2とその出現回数
    candidate2, count2 = None, 0

    for num in nums:
        if num == candidate1:
            count1 += 1
        elif num == candidate2:
            count2 += 1
        elif count1 == 0:
            candidate1, count1 = num, 1
        elif count2 == 0:
            candidate2, count2 = num, 1
        else:
            count1, count2 = count1 - 1, count2 - 1

    return [n for n in (candidate1, candidate2)
            if nums.count(n) > len(nums) // 3]
```

この関数は、配列をスキャンして2つの候補とその出現回数を保持します。新しい候補が出現すると、それに対応する出現回数を増やし、候補が現れないときには出現回数を減らします。最終的に出現回数が最も多い2つの候補を返します。

ただし、この関数は配列全体を再度スキャンして、実際の出現回数が配列の長さの3分の1を超える要素のみを返します。これは、上位2つの要素が必ずしも配列の長さの3分の1を超える出現回数を持つとは限らないためです。"
8,6bbWmRMAkrPqDLNw26kytc,gpt-4,0,0,"その要件を満たすために、PythonでCatalan数を使用してB_nを見つける関数を実装します。Catalan数は、完全なバイナリツリーの数を求めるのに使われます。以下にその実装を示します:

```python
def factorial(n):
    if n == 0 or n == 1:
        return 1
    else:
        return n * factorial(n - 1)

def binomial_coeff(n, k):
    if (k > n - k):
        k = n - k
    res = 1
    for x in range(k):
        res = res * (n - x)
        res = res // (x + 1)
    return res

def find_Bn(n):
    if (n & 1): # nが奇数なら完全なバイナリツリーは0
        return 0
    c_n = binomial_coeff(2*n, n)
    return c_n // (n + 1)

# テスト
print(find_Bn(2))
print(find_Bn(4))
print(find_Bn(6))
```

上記のプログラムは、指定されたnに対して完全なバイナリツリーの数を返します。ただし、nが奇数の場合は、完全なバイナリツリーは存在しないため0を返します。"
8,6bbWmRMAkrPqDLNw26kytc,gpt-4,0,1,"三分木の場合、各ノードが0個または3個の子ノードを持つ完全な三分木の数を見つけるには、別のアプローチが必要です。この問題には、Schröder数または大きなSchröder数という数列が適用可能です。

Schröder数は、n個の頂点を持つ完全な三分木の数を表します。しかし、Schröder数の計算はCatalan数よりも複雑で、漸化式を使って計算することが一般的です。

以下に、n個の頂点を持つ完全な三分木の数を見つけるためのPython関数を示します:

```python
def schroder(n):
    dp = [0]*(n+1)
    dp[0] = dp[1] = 1
    for i in range(2, n+1):
        dp[i] = dp[i-1]*2 + sum(dp[j]*dp[i-j-2] for j in range(i-1))
    return dp[n]

# テスト
print(schroder(2))
print(schroder(3))
print(schroder(4))
```

この関数は、指定されたnに対して完全な三分木の数を返します。ただし、nが奇数の場合は、完全な三分木は存在しないため0を返します。

注意: この関数は、nが偶数である場合にのみ完全な三分木を生成できます。奇数の頂点を持つ完全な三分木は存在しないためです。"
9,krcW43bXEV2uZhDrJFnDVC,gpt-4,0,0,"Pythonでこの問題を解くためには、二つのリストを一つに結合し、結合したリストをソートすることでk番目に小さい要素を見つけることができる。しかし、この方法では時間複雑度がO(m+n log m+n)となり、線形の複雑度で解くことができない。

線形の複雑度で解くためには、二つのソート済みリストを一つずつ見ていき、k番目に小さい要素を見つけることができる。以下にその実装例を示す。

```python
def find_kth_smallest(list1, list2, k):
    i, j, count = 0, 0, 0

    while i < len(list1) and j < len(list2):
        if list1[i] < list2[j]:
            count += 1
            if count == k:
                return list1[i]
            i += 1
        else:
            count += 1
            if count == k:
                return list2[j]
            j += 1

    while i < len(list1):
        count += 1
        if count == k:
            return list1[i]
        i += 1

    while j < len(list2):
        count += 1
        if count == k:
            return list2[j]
        j += 1

    return -1
```

この関数は、二つのリストlist1とlist2、そしてkを引数に取ります。iとjはそれぞれリストlist1とlist2のインデックスで、countは見つけた要素の数を数えるための変数です。まず、二つのリストを一つずつ見ていき、小さい要素を見つければcountを増やします。そして、その時点でcountがkと等しければ、その要素がk番目に小さい要素なので、その要素を返します。二つのリストのどちらかを全て見終わったら、もう一つのリストの残りを見ていき、k番目に小さい要素を見つけます。最終的にk番目に小さい要素がなければ-1を返します。"
9,krcW43bXEV2uZhDrJFnDVC,gpt-4,0,1,"はい、時間複雑度がO(log(min(m, n)))のアルゴリズムが存在します。これは、二分探索を用いた解法で、リストの長さがmとnのとき、より短いリストを基準に二分探索を行います。以下にその実装例を示します。

```python
def find_kth_smallest(list1, list2, k):
    # Ensure list1 is the shorter list.
    if len(list1) > len(list2):
        list1, list2 = list2, list1

    start, end = 0, len(list1)

    while start < end:
        mid1 = (start + end) // 2
        mid2 = k - mid1

        if list1[mid1] < list2[mid2 - 1]:
            start = mid1 + 1
        else:
            end = mid1

    mid1 = start
    mid2 = k - start

    candidate1 = list1[mid1] if mid1 < len(list1) else float('inf')
    candidate2 = list2[mid2 - 1] if mid2 > 0 else float('-inf')

    return max(candidate1, candidate2)

```

この関数は、2つのリストlist1とlist2、そしてkを引数に取ります。最初に、list1が短いリストであることを確認します。それから、短いリストの範囲内で二分探索を行い、k番目に小さい要素を見つけます。各ステップで、mid1とmid2を計算し、それぞれの値を比較して範囲を更新します。ループが終了したら、最後の候補を比較して、k番目に小さい要素を返します。"
10,WRujfhC6MHmNge4QmtZcmG,gpt-4,0,0,"Pythonを使って2つの配列の共通要素を見つける一番簡単な方法は、ビルトインの関数`filter()`を使う方法です。しかし、追加のデータ構造を使わないと言う要求があるため、これは実装できません。

そのため、二重ループを使って、一つ一つの要素を比較する方法を提案します。以下にそのプログラムを示します。

```python
def common_elements(list1, list2):
    for i in list1:
        for j in list2:
            if i == j:
                print(i)

# テスト
list1 = [1, 2, 3, 4]
list2 = [3, 4, 5, 6]
common_elements(list1, list2)
```

このプログラムでは、`list1`の各要素に対して、`list2`の全ての要素と比較を行います。もし同じ要素が見つかれば、それを出力します。

但し、この実装は時間計算量がO(n^2)となり、大規模なデータに対しては非効率的です。その場合は、追加のデータ構造やソートを利用した方法を検討すると良いでしょう。"
10,WRujfhC6MHmNge4QmtZcmG,gpt-4,0,1,"追加のデータ構造の使用が許可された場合、Pythonのset(集合)データ構造を使用して、共通要素を効率的に見つけることができます。setはハッシュベースのデータ構造であり、要素の存在チェックは平均的にO(1)の時間複雑度を持つため、大量のデータに対しても高速です。

以下に、setを用いた実装を示します。

```python
def common_elements(list1, list2):
    set1 = set(list1)
    set2 = set(list2)
    common = set1 & set2  # & operator is used for set intersection
    return common

# テスト
list1 = [1, 2, 3, 4]
list2 = [3, 4, 5, 6]
print(common_elements(list1, list2))  # Output: {3, 4}
```

この方法では、両方のリストをsetに変換し、setの交差（共通要素）を求めることで、共通要素を見つけます。これにより、時間複雑度はO(n)になります。"
31,5DYsYPkBJWYwk5ddVgnj7u,gpt-4,0,0,"三角形の面積は、頂点の座標を用いて次のように求めることができます。

面積 = 1/2 * | x1(y2 - y3) + x2(y3 - y1) + x3(y1 - y2) |

この公式に頂点の座標を代入します。

面積 = 1/2 * | 0(1 - 3) + (-1)(3 - 0) + 3(0 - 1) |
     = 1/2 * | 0 - 3 - 3 |
     = 1/2 * |-6|
     = 3

したがって、この三角形の面積は3です。"
31,5DYsYPkBJWYwk5ddVgnj7u,gpt-4,0,1,"三角形を外接する円（外接円）の半径は、三角形の面積とその辺の長さを用いて次のように求めることができます。

外接円の半径 R = abc / 4A

ここで、a, b, cは三角形の辺の長さ、Aは三角形の面積です。

まず、三角形の辺の長さを求めます。

点(0,0)と(-1,1)の間の距離は √[(0 - -1)^2 + (0 - 1)^2] = √2,
点(0,0)と(3,3)の間の距離は √[(0 - 3)^2 + (0 - 3)^2] = 3√2,
点(-1,1)と(3,3)の間の距離は √[(-1 - 3)^2 + (1 - 3)^2] = 4√2.

したがって、a=√2, b=3√2, c=4√2です。

これらを外接円の半径の公式に代入します。

R = √2 * 3√2 * 4√2 / 4 * 3 = 2√2

外接円の面積は、半径を用いてπR^2で求めることができます。

したがって、外接円の面積は π(2√2)^2 = 8πです。"
32,ceiAJYdimRhKfCT3c7oGzJ,gpt-4,0,0,このスタートアップは最初の年に80万円を投資し、2年目にはその半額なので40万円を投資しました。したがって、2年間でソフトウェア開発に投資した総額は80万円＋40万円＝120万円です。
32,ceiAJYdimRhKfCT3c7oGzJ,gpt-4,0,1,2年目に投資した額は40万円で、3年目にはその半額を投資するとのことですので、3年目に投資する額は40万円の半額である20万円になります。
33,SwgnSFqrfM5hgkyHiZLoix,gpt-4,0,0,"この問題を解くためには、まず全体から両方の色を好きと回答した生徒の割合(22%)を引く必要があります。これは、青色を好む生徒と緑色を好む生徒の割合に重複して含まれているためです。

1. 青色を好む生徒の割合(58%)から重複分(22%)を引くと、青色だけを好む生徒の割合は36%になります。
2. 同様に、緑色を好む生徒の割合(45%)から重複分(22%)を引くと、緑色だけを好む生徒の割合は23%になります。

次に、これらの割合を合計します。36% + 22% + 23% = 81%。これは、青色または緑色を好む生徒の割合です。

したがって、青色も緑色も好きではない生徒の割合は全体の割合(100%)からこの割合を引いたものになります。すなわち、100% - 81% = 19%です。

よって、生徒をランダムに選んだ場合、青色も緑色も好きではないという確率は19%となります。"
33,SwgnSFqrfM5hgkyHiZLoix,gpt-4,0,1,緑色が好きな生徒を選んだ場合、その生徒が両方の色を嫌うという事はありません。なぜなら、すでに緑色が好きであるという前提があるからです。したがって、その生徒が両方の色を嫌う確率は0％です。
34,A9oJChpF4zDwhi4RWP8tsi,gpt-4,0,0,2つのサイコロを振るとき、出る目の合計が最も小さいのは2（それぞれのサイコロが1を示す場合）で、最も大きいのは12（それぞれのサイコロが6を示す場合）です。したがって、2つのサイコロを振ったときに出る目の合計が少なくとも3になる確率は100%または1です。なぜなら、最小の合計値が2であり、それはすでに3未満であるためです。
34,A9oJChpF4zDwhi4RWP8tsi,gpt-4,0,1,"2つのサイコロを振ったときに出る目の合計が少なくとも3になる確率は、前の説明で述べたように100%または1です。

しかし、「偶数」になる確率を求めるには、全ての可能な出目の組み合わせ（合計36通り）のうち、偶数になる組み合わせを数え上げる必要があります。

1+1, 1+3, 1+5, 2+2, 2+4, 2+6, 3+1, 3+3, 3+5, 4+2, 4+4, 4+6, 5+1, 5+3, 5+5, 6+2, 6+4, 6+6

これらの組み合わせは18通りなので、偶数になる確率は18/36 = 1/2 = 0.5 = 50%です。

しかし、これら2つの事象（「少なくとも3になる」かつ「偶数になる」）は互いに独立しているので、一方が起こる確率は他方に影響を与えません。つまり、「少なくとも3になる」確率が100%で、「偶数になる」確率が50%であるため、「少なくとも3で偶数になる」確率はこれら2つの確率の最小値、つまり50%です。

したがって、「合計が偶数または少なくとも3になる」確率は100%です。なぜなら、「少なくとも3になる」確率が100%であるため、「または」の条件により、「偶数になる」確率を加えても確率は増えないからです。"
35,2PzBXbKxTmaN6KDXD3jru3,gpt-4,0,0,"まず、バスには最初にいくつかの人々が乗っていました。これをXとしましょう。

最初のバス停では、人々の半分が下車しました。つまり、バスにはX/2人が残りました。

さらに4人が乗り込みましたので、バスにはX/2 + 4人がいました。

次のバス停では、6人が下車しました。つまり、バスにはX/2 + 4 - 6 = X/2 - 2人が残りました。

さらに8人が乗り込みましたので、バスにはX/2 - 2 + 8 = X/2 + 6人がいました。

3つ目の停留所へ向かう人々の合計が25人だったということは、X/2 + 6 = 25という方程式を立てることができます。

この方程式を解くと、X = (25 - 6) * 2 = 38人が最初にバスに乗っていたことがわかります。"
35,2PzBXbKxTmaN6KDXD3jru3,gpt-4,0,1,"バスに乗った人数は、最初の38人に加えて、最初のバス停で乗った4人と次のバス停で乗った8人、合計で50人です。

チケットが一人当たり200円なので、バスが得た合計金額は 50人 * 200円/人 = 10,000円です。"
36,KQewh2o2NnV2Z8oUfYihRi,gpt-4,0,0,"まず、与えられた２つの方程式から、xとyをzの関数として表現しましょう。 

1つ目の方程式 x + y = 4z から、 y = 4z - x を得ます。

そして、2つ目の方程式 x * y = 4z^2 を y = 4z - x に代入すると、次のようになります：

x * (4z - x) = 4z^2
4xz - x^2 = 4z^2
x^2 - 4xz + 4z^2 = 0

これは二次方程式となり、解の公式により、求められる x の値は次のようになります：

x = (4z ± sqrt((4z)^2 - 4*4z^2)) / 2 = (4z ± sqrt(16z^2 - 16z^2)) / 2 = 2z

したがって、x = 2z となります。

次に、y = 4z - x に x = 2z を代入して y を求めます：

y = 4z - 2z = 2z

従って、x = y = 2z となります。

最後に、x - y を求めます：

x - y = 2z - 2z = 0

したがって、x - y は z の関数としては常に 0 となります。"
36,KQewh2o2NnV2Z8oUfYihRi,gpt-4,0,1,"先ほど導出したとおり、x = 2z と y = 2z なので、それぞれの式を z - x = y に代入します。

z - x = y
=> z - 2z = 2z
=> -z = 2z
=> y = -3z

したがって、z - x は y の関数としては -3z となります。"
37,MeACYKzmp4neTwUQF5uMFP,gpt-4,0,0,"この不等式の解を求めるためには、まず絶対値の不等式を2つの不等式に分けます。それは次のようになります：

-10 < x + 5 < 10 

次に、不等式の各部分から5を引きます：

-15 < x < 5 

したがって、この不等式の解となる整数は、-14, -13, -12, -11, -10, -9, -8, -7, -6, -5, -4, -3, -2, -1, 0, 1, 2, 3, 4の19個です。"
37,MeACYKzmp4neTwUQF5uMFP,gpt-4,0,1,"この不等式を解くためにもまずは絶対値の不等式を2つの不等式に分けます。それは次のようになります：

-5 < x + 10 < 5 

次に、不等式の各部分から10を引きます：

-15 < x < -5 

したがって、この不等式の解となる整数は、-14, -13, -12, -11, -10, -9, -8, -7, -6の9個です。"
38,5JkhQy5dgPt9QxTjuPDfEs,gpt-4,0,0,ある数を10で割ると余りが4になるので、その数は10の倍数+4の形で表されます。これを2倍にすると、(10の倍数+4)×2 = 20の倍数+8となります。そしてこれを4で割ると、余りは8になります。なぜなら、20の倍数は4で割り切れるからです。したがって、その数の2倍を4で割った時の余りは8になります。
38,5JkhQy5dgPt9QxTjuPDfEs,gpt-4,0,1,その数は10の倍数+4なので、2倍すると(10の倍数+4)×2 = 20の倍数+8となります。そして、これを5で割ると、20の倍数は5で割り切れるため、余りは8になります。したがって、その数の2倍を5で割った時の余りは8になります。
39,HjA8DS5oiRBsgBM7jKfJSW,gpt-4,0,0,"佐藤さんが各2000円のSF小説を5冊購入したので、それは2000円 * 5 = 10000円です。

次に、各3000円の歴史書を3冊購入したので、それは3000円 * 3 = 9000円です。

最後に、各4500円の哲学書を2冊購入したので、それは4500円 * 2 = 9000円です。

これらすべてを合計すると、10000円 + 9000円 + 9000円 = 28000円です。

したがって、佐藤さんの購入合計は28000円でした。"
39,HjA8DS5oiRBsgBM7jKfJSW,gpt-4,0,1,"佐藤さんが本を25％加算した価格で販売する場合、それぞれの本の販売価格は元の価格の125％になります。

したがって、彼が購入した全ての本を売り切った時の総収入は、彼が支払った合計額の125％になります。

そのため、28000円 * 125％ = 35000円になります。

つまり、佐藤さんがこれらの本をすべて売り切った時の総収入は35000円になるでしょう。"
40,AT3rsJQE2WHyiU9GwbBwjZ,gpt-4,0,0,"f(x) = 4x^3 - 9x - 14 の式に x = 2 を代入すると、 

f(2) = 4*(2)^3 - 9*(2) - 14 
     = 4*8 - 18 - 14 
     = 32 - 18 - 14 
     = 0 になります。

よって、f(2)の値は0です。"
40,AT3rsJQE2WHyiU9GwbBwjZ,gpt-4,0,1,"f(x) = 4x^3 - 9x - 14 = 0 の解を求めることは、手計算だけでは非常に難しい問題です。このような3次方程式の解は、普通は数値的に近似的に求めるか、あるいは特殊な方法（カルダノの公式など）を用いて求めます。

したがって、この問題の解を求めるには数値計算ソフトウェアやグラフ計算機などのツールを使うことをお勧めします。"
41,Q8SRyAEQizMdmgyCPnYhrT,gpt-4,0,0,あなたが2番目の人を追い越したとしたら、あなたの現在の位置は2番目になります。追い越した人の位置は3番目になります。
41,Q8SRyAEQizMdmgyCPnYhrT,gpt-4,0,1,「最後の人」を追い越したとしたら、あなたの現在の位置はまだ最後のままです。なぜなら、追い越すべき他の人がいないためです。つまり、あなたが追い越した人の位置も最後のままとなります。
42,PRHpTuD5KVXs55UayayyQZ,gpt-4,0,0,あなたが説明したシーンには、白い家についての情報は含まれていません。そのため、白い家がどこに位置しているかは不明です。他の情報が提供されれば、より具体的な答えを提供することができます。
42,PRHpTuD5KVXs55UayayyQZ,gpt-4,0,1,いいえ、あなたが提供した情報では、白い家の位置を特定することはできません。美しい赤い家が左に、幻想的な温室が右に、魅力的なピンクの場所が正面にあることを示していますが、白い家についての具体的な情報は提供されていません。ですので、白い家がどこにあるかは不明です。
43,3V54SST6HQkRE3Etcdxz4M,gpt-4,0,0,田中さんが毎日病院に行く必要があるのは、彼が医者であるか、病院で働いている可能性が高いです。非常に健康であるという情報からは、彼自身が医療的な理由で病院に通うとは考えにくいです。
43,3V54SST6HQkRE3Etcdxz4M,gpt-4,0,1,"この質問は一見すると、健康な人がなぜ毎日病院に行く必要があるのか、という矛盾した状況を提示しているように見えます。だからこそ、読者は病気や怪我など、健康に関連する問題を想像しやすいです。

しかし、解答はその期待を裏切り、田中さんが医者や病院のスタッフである可能性を示します。つまり、問題の本質は健康状態ではなく、職業に関連していました。

このように、予想外の答えが出ることで読者の興味を引き、思考の幅を広げるため、この質問は面白いと感じられます。それはまた、物事を一面的に見るのではなく、異なる視点から考えることの重要性を教えてくれます。"
44,6S2Hx5iCLvMdnTkKsjUbAM,gpt-4,0,0,大石さんには三人の年上の姉がいて、それぞれの姉には自分より一歳年上の兄が一人ずついます。したがって、大石さんには三人の兄がいるでしょう。
44,6S2Hx5iCLvMdnTkKsjUbAM,gpt-4,0,1,大石さんには三人の姉と三人の兄がいるので、兄弟姉妹は合計で6人です。それに自分と両親2人を加えると、家族全体で9人になるでしょう。
45,i8qLA6sxeSBd4cHgFjeNdx,gpt-4,0,0,"この謎解きに基づいて、以下の順序で車が駐車されていると考えられます：
1. 赤い車（桃子）
2. 青い車（明）
3. 緑の車（恵）
4. 黄色の車（秘書）
5. 紫の車（健一）

明の車は桃子と恵の間にあり、和也の車は健一の隣であるという条件に合致しています。

したがって、秘書の名前は和也です。"
45,i8qLA6sxeSBd4cHgFjeNdx,gpt-4,0,1,"最後のスペースから最初のスペースまでの車の色は次の通りです：

紫、黄色、緑、青、赤です。"
46,MzFXVZx54CZJJ6B2Vad4cu,gpt-4,0,0,真実です。
46,MzFXVZx54CZJJ6B2Vad4cu,gpt-4,0,1,最初のステートメントは「偽り」です。3番目のステートメントによると、「バナナはリンゴよりも高く、バナナはオレンジよりも高価です」。これは、バナナがリンゴとオレンジの両方よりも高価であることを示しています。しかし、最初のステートメントでは、「オレンジはリンゴよりも高価です」とあります。これは3番目のステートメントと矛盾しているため、最初のステートメントは偽りです。
47,Z22Ae54qCChSDtDMBAs6vu,gpt-4,0,0,AさんとCさんの関係は祖父と孫です。
47,Z22Ae54qCChSDtDMBAs6vu,gpt-4,0,1,AさんとZさんの関係は曾々々々孫と曾々々々祖父となります。これは、Aさんから見てZさんが5世代下の子孫、逆にZさんから見てAさんが5世代上の祖先ということを意味します。
48,aejNUWfrqTS2AyaqP97nHp,gpt-4,0,0,「車」が他のものと一致しないものです。なぜなら、「タイヤ」、「ステアリングホイール」、「エンジン」はすべて「車」の部品であり、「車」自体はそれらの部品を含む全体を指すからです。
48,aejNUWfrqTS2AyaqP97nHp,gpt-4,0,1,もちろんです。例えば、「車」を「ブレーキ」と置き換えることができます。その場合、「タイヤ」、「ステアリングホイール」、「ブレーキ」、「エンジン」は全て自動車の部品となり、他のものと一致します。
49,fKgtktLkPKaZexjYekDGKs,gpt-4,0,0,"大樹さんが日の出後にポールを見つめて立っているという状況から、太陽は東から昇っていると考えられます。影は太陽とは反対の方向にできるので、ポールの影が大樹さんの右側に落ちているということは、その影は西の方向を指していると言えます。

簡単に言えば、日の出（太陽が昇る方向）は東であり、影は太陽の反対側にできるため、影が指している方向は西です。"
49,fKgtktLkPKaZexjYekDGKs,gpt-4,0,1,"大樹さんが日の出後に立っていて、そのポールの影がちょうど彼の右側に落ちているという情報から、大樹さんは南を向いていたと推測できます。この推測は、太陽が東から昇るという知識と、影が太陽の反対側に出来るという性質に基づいています。

具体的には、日の出後に太陽が東にある場合、その反対側である西に影ができます。大樹さんの右側に影があるということは、彼はその影の反対側、すなわち南を向いていたということになります。"
50,JgVE8dTrCNXQheYQ69ufMS,gpt-4,0,0,c) 4人の女の子が別の女の子を囲み、彼女のバックパックを持っているようです。
50,JgVE8dTrCNXQheYQ69ufMS,gpt-4,0,1,"補助員は以下の点に注目するべきです：

1. 被害者の反応：被害者が恐怖や不快感を表現しているか、または明らかに落ち込んでいるかどうかを観察します。彼女が周囲の女の子たちに対して違和感や恐怖を感じている場合、それはいじめの可能性が高まります。

2. 女の子たちの態度：彼女たちがどのように反応し、他の子供たちとどのように交流しているかを観察します。彼女たちが威嚇的な態度を持ち続ける、または他の子供たちに対しても同様の行動をとっている場合、それはいじめの兆候かもしれません。

3. 身体的な証拠：物理的ないじめの場合、被害者には見た目の傷や打撲があるかもしれません。

4. 他の生徒の証言：他の生徒が目撃者となる可能性もあります。他の子供たちが何を見て、何を聞いていたかを確認します。

5. 女の子たちの説明：彼女たちが行動の説明をどのように行うかも重要です。彼女たちが具体的なゲームの詳細を説明できず、あいまいな答えをする場合、これは彼女たちが何かを隠そうとしている兆候かもしれません。"
11,VsZUTXX2CBCYBhFmGsxAW2,gpt-4,0,0,"[5, 1, 3]"
11,VsZUTXX2CBCYBhFmGsxAW2,gpt-4,0,1,"[
  {
    ""release_date"": ""2019年11月18日"",
    ""rating"": 5
  },
  {
    ""release_date"": ""2022年"",
    ""rating"": 1
  },
  {
    ""release_date"": ""2018年2月"",
    ""rating"": 3
  }
]"
12,YjzCAfLuP9uyrrVmgokhGU,gpt-4,0,0,"1. 文学
2. 歴史
3. 科学
4. 芸術"
12,YjzCAfLuP9uyrrVmgokhGU,gpt-4,0,1,"1. 三島由紀夫 - 文学
2. 戦国時代の大名 - 歴史
3. ルイス - 科学
4. 鳥居清長 - 芸術"
13,V4EDWKogjmZWK48hgLxDfG,gpt-4,0,0,"a) 石神、容疑者Xの献身、東野圭吾、2005
b) ジョバンニとカムパネルラ、銀河鉄道の夜、宮沢賢治、1927
c) 島村、雪国、川端康成、1933"
13,V4EDWKogjmZWK48hgLxDfG,gpt-4,0,1,"a) 石神、容疑者Xの献身、東野圭吾、2005、物語は数学者の石神が料理店の女主人と彼女の娘のために完全犯罪を計画するというプロットに基づいています。
b) ジョバンニとカムパネルラ、銀河鉄道の夜、宮沢賢治、1927、二人の少年が銀河鉄道に乗って宇宙を旅するという幻想的な物語です。
c) 島村、雪国、川端康成、1933、主人公・島村が雪国で出会った恋人らしき若い娘に興味を惹かれ、その関係が深まるにつれて彼の内面が描かれます。"
14,LwRMufGUy7GUeFEMcZ9DgX,gpt-4,0,0,2021年に最も利益を上げた会社は、伊藤社長の下で運営される会社Eで、その利益は25億円です。
14,LwRMufGUy7GUeFEMcZ9DgX,gpt-4,0,1,"利益率は以下のようになります：

a) 会社A: 3億円 / 30億円 = 0.10 (10%)
b) 会社B: 6億円 / 60億円 = 0.10 (10%)
c) 会社C: 7億円 / 20億円 = 0.35 (35%)
d) 会社D: 21億円 / 300億円 = 0.07 (7%)
e) 会社E: 25億円 / 200億円 = 0.125 (12.5%)
f) 会社F: 20億円 / 180億円 = 0.111 (11.1%)

したがって、利益率が最も高いのは佐藤社長の下で運営される会社Cで、その利益率は35%です。"
15,L8cV43oaB8QNZ9rqQqEFTG,gpt-4,0,0,"[
  {
    ""country"": ""デンマーク"",
    ""capital"": ""コペンハーゲン"",
    ""language"": ""デンマーク語""
  },
  {
    ""country"": ""エルドリア"",
    ""capital"": ""アヴァロア"",
    ""language"": ""ルミナ語""
  },
  {
    ""country"": ""アルゼンチン"",
    ""capital"": ""ブエノスアイレス"",
    ""language"": ""スペイン語""
  }
]"
15,L8cV43oaB8QNZ9rqQqEFTG,gpt-4,0,1,"- country: フランス
  capital: パリ
  language: フランス語
- country: イタリア
  capital: ローマ
  language: イタリア語
- country: ドイツ
  capital: ベルリン
  language: ドイツ語"
16,JUsVqydHSZJSdA5PMwzSfj,gpt-4,0,0,"アマゾン、7回
川、7回
生物、2回"
16,JUsVqydHSZJSdA5PMwzSfj,gpt-4,0,1,"に、12回
生命、2回
冒険、1回"
17,aCAbbevEXPwYWctvaLUMgL,gpt-4,0,0,"以下のようにJSON辞書を作成しました。

{
  ""人"": [""中島雄一郎"", ""斎藤昭二"", ""田村健一郎""],
  ""組織"": [""ファラデー"", ""ダイムラーAG"", ""フォルクスワーゲン""],
  ""場所"": [""ベルリン""]
}"
17,aCAbbevEXPwYWctvaLUMgL,gpt-4,0,1,"ベルリンが新たなギガファクトリーの建設地として選ばれた主な理由は以下の通りです：

1. 戦略的な位置
2. 熟練した労働力
3. 強固なインフラ"
18,nbFSDbG7wiHz5qDUQPrHfA,gpt-4,0,0,"以下の評価は、提供されたレビューの分析に基づいています：

```json
{
  ""iPhone"": 8.5,
  ""Samsung Galaxy"": 8.3,
  ""Google Pixel"": 7.9
}
```

これらの評価は、各スマートフォンの強みと弱点を考慮に入れています。iPhoneはパフォーマンスとカメラの品質で高評価を得ていますが、デザインの微増と高価格が評価を下げています。Samsung Galaxyは素晴らしいスクリーンと高速なパフォーマンスを持っていますが、Bixbyの不十分さと全体的なデザインの変化の少なさが評価を下げています。Google Pixelは最新の仕様と革新的なAIパワードソフトウェアを持っていますが、バッテリー寿命の短さと高価格が評価を下げています。"
18,nbFSDbG7wiHz5qDUQPrHfA,gpt-4,0,1,"もちろんです。以下のように評価を文字に変更しました：

```json
{
  ""IPhone"": ""Very Good"",
  ""Samsung Galaxy"": ""Good"",
  ""Google Pixel"": ""Fair""
}
```

これらの評価は、各スマートフォンの強みと弱点を考慮に入れています。""Very Good""は非常に良い評価を示し、""Good""は良い評価を示し、""Fair""はまずまずの評価を示します。"
19,gDiKxSWpy6dBBYsKNT4rGa,gpt-4,0,0,"以下が各方程式から抽出した一意の変数名を含むJSON文字列です。

1) {""equation1"": [""y"", ""x"", ""e"", ""pi""]}
2) {""equation2"": [""A"", ""B"", ""C"", ""N"", ""D"", ""a"", ""pi""]}
3) {""equation3"": [""E"", ""m"", ""c"", ""gamma"", ""v"", ""d"", ""alpha"", ""beta""]}"
19,gDiKxSWpy6dBBYsKNT4rGa,gpt-4,0,1,"すみませんが、具体的にどのように並べ替えるかを教えていただけますか？ 各方程式には既に特定の変数が使用されています。それらを 'a', 'b', 'c', 'd' などに置き換えると、方程式の意味が変わってしまう可能性があります。それでもよろしいですか？"
20,LSAizvcDYgxHmgY5jmYbt9,gpt-4,0,0,"以下が要求されたCSV形式の結果です。

月,最高終値,最低終値
01,156.25,153.80
02,163.90,161.80
03,168.20,166.80"
20,LSAizvcDYgxHmgY5jmYbt9,gpt-4,0,1,"以下が要求されたJSON形式の結果です。

{
  ""01"": {
    ""最高終値"": 156,
    ""最低終値"": 154
  },
  ""02"": {
    ""最高終値"": 164,
    ""最低終値"": 162
  },
  ""03"": {
    ""最高終値"": 168,
    ""最低終値"": 167
  }
}"
21,682Z8x8qpwnyCJStZhTyXi,gpt-4,0,0,"経済成長率、消費者物価指数（CPI）、失業率などの経済指標は、日本銀行の金融政策に大きく影響されます。日本銀行は、金利の調整や市場への資金供給量を通じて、これらの経済指標を間接的に制御します。

1. 経済成長率：日本銀行が金利を下げると、企業や個人が借り入れや投資を行いやすくなり、経済活動が活発化します。これにより、経済成長率が上昇する可能性があります。逆に、金利を上げると、借り入れコストが高くなり、経済活動が鈍化する可能性があります。

2. 消費者物価指数（CPI）：日本銀行が金利を下げると、資金供給量が増え、物価が上昇する可能性があります。これは、金利が低いと借り入れが増え、その結果、消費が増えて物価が上昇するからです。逆に、金利を上げると、資金供給量が減り、物価が下落する可能性があります。

3. 失業率：金利を下げると、企業は借り入れて投資を行いやすくなり、新たな雇用を生み出す可能性があります。これにより、失業率が下がる可能性があります。逆に、金利を上げると、企業の投資意欲が減退し、雇用の創出が減る可能性があります。

以上のように、日本銀行の金融政策は、経済成長率、CPI、失業率などの経済指標に大きな影響を与えます。しかし、金融政策の効果は即座に現れるものではなく、タイムラグが存在します。また、他の多くの要因（例えば、政府の財政政策、国際経済の状況など）もこれらの経済指標に影響を与えるため、金融政策だけで経済を完全に制御することは難しいと言えます。"
21,682Z8x8qpwnyCJStZhTyXi,gpt-4,0,1,"もちろんです。それらの経済の話を、お金の使い方についての物語として考えてみましょう。

1. 経済成長率：これは、お友達がレモネードスタンドを始めるためにお金を借りることを考えてみてください。銀行（この場合、日本銀行）がお金を借りるのが簡単になると、もっと多くのお友達がレモネードスタンドを始めることができます。これが経済成長率を上げる方法です。

2. 消費者物価指数（CPI）：これは、レモネードの価格を考えてみてください。もし銀行がお金をたくさん貸して、みんながレモネードスタンドを始めると、レモネードがたくさんできて、価格が上がるかもしれません。これが物価（CPI）を上げる方法です。

3. 失業率：これは、レモネードスタンドで働く友達を考えてみてください。もし銀行がお金をたくさん貸して、みんながレモネードスタンドを始めると、もっと多くの友達がレモネードスタンドで働くことができます。これが失業率を下げる方法です。

これらの話は、日本銀行がどのようにして経済を助けるかを理解するための簡単な方法です。でも、実際の経済はもっと複雑で、銀行だけでなく、政府や他の国々との関係も大切です。"
22,aT3UhsEmMUvGKDZTDdhqLt,gpt-4,0,0,"人生の各段階は、時間や死に対する理解に大きな影響を与えます。これは、私たちの経験、知識、そして成長によって形成される視点や認識の変化を通じて明らかになります。以下に具体的な例を挙げて説明します。

1. 幼少期：この段階では、時間と死についての理解は非常に基本的で、具体的なものです。子供たちは一日を通じての活動や遊びを通じて時間の流れを学びます。また、死については、ペットが亡くなるなどの経験を通じて初めて理解することが多いです。しかし、この段階では死は一時的なものや再生可能なものと誤解することが多いです。

2. 青少年期：この段階では、時間と死に対する理解が深まります。学校のスケジュールや試験、社会活動などを通じて時間管理の重要性を学びます。また、祖父母や親戚が亡くなるといった経験を通じて、死が永遠的なものであることを理解するようになります。

3. 成人期：この段階では、時間と死に対する理解がさらに深まり、より現実的になります。仕事や家庭生活の中で時間管理の重要性を実感し、また自分自身の老化を通じて死の現実を直面します。

4. 高齢期：この段階では、時間と死に対する理解が最も深く、哲学的になります。自分の人生が終わりに近づいていることを認識し、死を受け入れる準備をします。また、過去を振り返り、自分の人生を通じて過ごした時間を評価します。

以上のように、人生の各段階は、時間と死に対する理解に大きな影響を与えます。"
22,aT3UhsEmMUvGKDZTDdhqLt,gpt-4,0,1,"幼い子が花畑で遊び、
時間は無限、死は遠い夢。
日々は遊びと学びの連続、
死はただ、眠りからの目覚め。

青年は時計と共に走り、 
時間は友人、死は遠い影。
試験の日々、夜更けの勉強、
死はただ、遠くの星のよう。

大人は砂時計と共に歩み、 
時間は財産、死は近くの友。
仕事の山、家庭の喜び、
死はただ、次の章の始まり。

老人は日没と共に座り、 
時間は思い出、死は隣人。
過去の反省、未来への準備、
死はただ、永遠の眠りへの旅立ち。

人生の各段階が進むごとに、
時間と死は形を変え、
我々の理解を深め、
人生の旅を豊かに彩る。"
23,gqBgVqkreYL6gQLUqWZZDt,gpt-4,0,0,"日本の独占禁止法は、市場の健全な競争を保つために制定された法律で、企業が独占や寡占により市場を不公正に支配することを防ぐことを目的としています。この法律は、企業間の不公正な取引やカルテル形成を禁止し、市場の公正な競争を保つことで消費者の利益を守る役割を果たしています。

具体的な事例としては、2018年に公正取引委員会がアップルに対して行った調査が挙げられます。アップルは、日本国内の携帯電話キャリアに対して、iPhoneの販売に関する不公正な取引を行っていたとして指摘を受けました。具体的には、新製品が発売されるたびにキャリアが大量の在庫を抱える契約を強いていたとされ、これが独占禁止法に違反するとされました。この結果、アップルは契約内容を改善することを求められました。

この事例から、独占禁止法が市場競争にどのような影響を及ぼすかを考えると、まず、企業が不公正な取引を行うことを防ぐことで、市場の公正な競争が保たれます。これにより、消費者はより多くの選択肢から商品やサービスを選ぶことができ、企業も新たなビジネスチャンスを追求することが可能になります。また、独占禁止法は、大企業が市場を独占することを防ぐことで、中小企業の参入を促進し、市場の活性化にも寄与します。

しかし、一方で、独占禁止法が厳格に適用されると、企業の経済活動に制約が生じることもあります。例えば、企業が新たなビジネスモデルを開発する際に、それが独占禁止法に違反する可能性があると判断されると、そのビジネスモデルの導入をためらうこともあります。このような場合、独占禁止法が市場競争を制約する要因となることもあります。

以上のように、独占禁止法は市場競争に対して、公正な競争を保つというプラスの影響を及ぼす一方で、企業の経済活動に制約を与えるというマイナスの影響を及ぼすこともあります。そのため、独占禁止法の適用は、市場の公正な競争を保つことと、企業の経済活動を制約しないこととのバランスを考慮して行われるべきです。"
23,gqBgVqkreYL6gQLUqWZZDt,gpt-4,0,1,"選んだ事例の一つ、アップルに対する公正取引委員会の調査について詳しく解説します。

2018年に公正取引委員会は、アップルが日本国内の携帯電話キャリアに対して不公正な取引を行っていたとして調査を行いました。具体的には、アップルが新製品のiPhoneが発売されるたびに、キャリアに大量の在庫を抱えさせる契約を強いていたとされています。

この契約により、キャリアは新製品の発売に合わせて大量の在庫を確保しなければならず、その結果、在庫処分のリスクを抱えることとなりました。また、キャリアはアップルの製品を優先的に販売することを余儀なくされ、他のメーカーの製品の販売機会が制限されるという問題も生じました。

公正取引委員会は、このようなアップルの取引方法が独占禁止法に違反すると判断し、アップルに対して契約内容の改善を求めました。これにより、キャリアは新製品の発売に合わせて大量の在庫を確保する必要がなくなり、他のメーカーの製品の販売機会も増えることとなりました。

この事例は、独占禁止法が市場の公正な競争を保つためにどのように機能するかを示しています。すなわち、企業が不公正な取引を行うことを防ぎ、市場の公正な競争を保つことで、消費者の利益を守るという役割を果たしています。"
24,Mvpj5NAL6xuczJ3eJY4yV3,gpt-4,0,0,"【授業計画】

授業の目的：黒船来航と開国の歴史的背景とその影響を理解し、劇やパントマイムを通じて学びの深化を図る。

【1日目：45分】

1. 授業開始（5分）
   - 授業の目的と進行計画の説明。

2. 黒船来航の背景についての講義（15分）
   - 世界の大航海時代と日本の鎖国政策について説明。
   - ペリー提督と黒船来航の背景について説明。

3. グループワーク：劇のストーリーボード作成（20分）
   - 学生を数グループに分け、各グループに黒船来航のエピソードを割り当てる。
   - 各グループは割り当てられたエピソードを基に劇のストーリーボードを作成。

4. フィードバックと次回予告（5分）
   - 教師が各グループのストーリーボードにフィードバックを提供。
   - 次回の授業でのパントマイムの実施について説明。

【2日目：45分】

1. 授業開始（5分）
   - 前回の授業の復習と本日の授業の目的説明。

2. パントマイムの基本技術講義（10分）
   - パントマイムの基本的な技術と表現方法について説明。

3. グループワーク：パントマイムのリハーサル（25分）
   - 各グループは前回作成したストーリーボードを基にパントマイムのリハーサルを行う。

4. フィードバックと次回予告（5分）
   - 教師が各グループのリハーサルにフィードバックを提供。
   - 次回の授業でのパントマイムの発表について説明。

【3日目：45分】

1. 授業開始（5分）
   - 前回の授業の復習と本日の授業の目的説明。

2. グループワーク：パントマイムの発表（30分）
   - 各グループは作成したパントマイムをクラス全体に発表。
   - 発表後、他のグループからフィードバックを受け取る。

3. 授業のまとめと反省（10分）
   - 教師が全体のフィードバックを提供。
   - 学生はパントマイムを通じて何を学んだか、どのように感じたかを共有。

以上が黒船来航と開国をテーマにした劇やパントマイムを取り入れた歴史の授業計画です。この授業を通じて、学生たちは歴史的な出来事を深く理解し、その重要性を実感することができるでしょう。"
24,Mvpj5NAL6xuczJ3eJY4yV3,gpt-4,0,1,"【1日目：詳細な授業計画】

1. 授業開始（5分）
   - 授業の目的と進行計画の説明。
   - 黒船来航と開国の重要性について簡単な導入。

2. 黒船来航の背景についての講義（15分）
   - 世界の大航海時代と日本の鎖国政策について説明。
   - ペリー提督と黒船来航の背景について説明。
   - 講義中には視覚的な資料（地図、時系列の図等）を使用し、学生の理解を深める。

3. グループワーク：劇のストーリーボード作成（20分）
   - 学生を数グループに分け、各グループに黒船来航のエピソードを割り当てる。
   - 各グループは割り当てられたエピソードを基に劇のストーリーボードを作成。
   - 教師は各グループを巡回し、必要に応じてアドバイスを提供。

4. フィードバックと次回予告（5分）
   - 教師が各グループのストーリーボードにフィードバックを提供。
   - 次回の授業でのパントマイムの実施について説明。

【宿題の質問】

1. ペリー提督が日本に来航した理由は何でしょうか？
2. 鎖国政策とは何でしょうか？その目的と結果について説明してください。
3. あなたが作成したストーリーボードのエピソードについて、その歴史的な意義と影響について説明してください。"
25,4UBURxoDmY5QxsBDPuUUsR,gpt-4,0,0,"1. モネの睡蓮: 子供たちは、デジタルペイントツールを使って自分自身の「睡蓮」を作成することができます。彼らは色を混ぜたり、ブラシの種類を変えたりして、モネのスタイルを模倣することができます。完成した作品は、デジタルギャラリーで展示し、他の子供たちと共有することができます。

2. ダ・ヴィンチの最後の晩餐: 子供たちは、VR（バーチャルリアリティ）ヘッドセットを使って、最後の晩餐のシーンに参加することができます。彼らは、実際にテーブルに座り、ダ・ヴィンチが描いたキャラクターたちと対話することができます。これにより、子供たちは芸術作品をより深く理解することができます。

3. ピカソのギタリスト: 子供たちは、自分自身の抽象的なギタリストを作成するための3Dパズルを組み立てます。ピースは、ピカソの有名な絵画の色と形を反映しています。完成した作品は、3Dプリントアウトとして保存することができます。

4. ミケランジェロのダビデ像: 子供たちは、AR（拡張現実）を使って、自分自身のダビデ像を彫刻することができます。彼らは、デジタルハンマーとチゼルを使って、仮想の大理石ブロックを彫刻します。これにより、彫刻のプロセスと技術を学ぶことができます。

5. フェルメールの真珠の耳飾りの少女: 子供たちは、デジタルカメラとフィルターを使って、自分自身の「真珠の耳飾りの少女」を撮影します。彼らは、ライティング、ポーズ、表情など、フェルメールの技術を模倣することができます。完成した写真は、オンラインで共有することができます。"
25,4UBURxoDmY5QxsBDPuUUsR,gpt-4,0,1,"プロジェクト名：「ダ・ヴィンチの晩餐：VR体験」

1. プロジェクトの概要：
このプロジェクトでは、子供たちがVRヘッドセットを使って「最後の晩餐」のシーンに参加し、ダ・ヴィンチが描いたキャラクターたちと対話する体験を提供します。これにより、子供たちは芸術作品をより深く理解することができます。

2. 必要なリソース：
- VRヘッドセット（例：Oculus Rift）：$300 x 10 = $3,000
- VRコンテンツ開発：$20,000（プロフェッショナルなVR開発会社に依頼）
- VR体験スペースの設置：$2,000（レンタルスペース、家具、照明等）

3. 実施ステップ：
- VRコンテンツ開発会社と契約し、具体的なシナリオとビジュアルを作成します。
- VRヘッドセットを購入し、体験スペースを設置します。
- テストプレイを行い、必要な調整を行います。
- プロモーションを行い、体験会の日程を設定します。

4. 予算見積もり：
- VRヘッドセット：$3,000
- VRコンテンツ開発：$20,000
- VR体験スペースの設置：$2,000
- プロモーション費用：$1,000
合計：$26,000

このプロジェクトは、子供たちに芸術作品をより深く理解する機会を提供し、芸術への興味と理解を深めることを目指しています。"
26,KJVNU4zzTdjwtmkUoerpfA,gpt-4,0,0,"基準率の無視（base rate neglect）とは、統計的な情報や一般的な確率（基準率）を無視し、特定の情報に過度に依存するという誤謬です。この誤謬は、人々が特定の事例やエピソードに引き寄せられ、全体的な確率や統計を無視する傾向があるために起こります。

政治家がキャンペーンで基準率の無視を利用する具体的な例を以下に5つ挙げます。

1. 選挙区の一部の成功を全体に適用する: 政治家は自分が関与した特定のプロジェクトやイニシアチブが成功したと主張し、それが全体的な政策の成功を示すと主張するかもしれません。しかし、これは基準率（全体的な成功率）を無視しています。

2. 個々のエピソードを全体的な問題に適用する: 政治家は特定の個人の話を引き合いに出し、それが全体的な社会問題を示すと主張するかもしれません。しかし、これは全体的な統計や確率を無視しています。

3. 特定の政策の効果を過大評価する: 政治家は特定の政策が特定の問題を解決したと主張するかもしれません。しかし、これは他の要因や全体的な傾向を無視しています。

4. 特定のグループの意見を全体に適用する: 政治家は特定のグループの意見が全体的な公衆の意見を反映していると主張するかもしれません。しかし、これは全体的な意見の分布を無視しています。

5. 特定の事件を一般化する: 政治家は特定の事件が一般的な傾向を示すと主張するかもしれません。しかし、これは全体的な統計や確率を無視しています。"
26,KJVNU4zzTdjwtmkUoerpfA,gpt-4,0,1,"選挙キャンペーンの詳細な計画は以下のようになります。

1. 成功したプロジェクトの特定: まず、政治家は自分が関与した特定のプロジェクトやイニシアチブを特定します。これは、新しい公園の建設、地元の学校への資金提供、または地元のビジネスへの投資など、地元のコミュニティに直接影響を与えるものであるべきです。

2. 成功の強調: 次に、政治家はこれらのプロジェクトがどのように成功したかを強調します。これには、新しい公園が地元の生活の質を向上させた方法、学校への資金提供が教育の質を向上させた方法、または地元のビジネスへの投資が雇用を創出した方法などが含まれます。

3. 成功の一般化: その後、政治家はこれらの成功を全体的な政策の成功として一般化します。たとえば、「私のリーダーシップの下で、私たちは新しい公園を建設し、地元の学校に資金を提供し、地元のビジネスに投資しました。これらの成功は、私が地元のコミュニティを改善するためにどれほど効果的に働けるかを示しています」と述べることができます。

4. 成功の再現の約束: 最後に、政治家はこれらの成功を再現することを約束します。たとえば、「再選されれば、私はこれらの成功をさらに広げ、私たちのコミュニティをさらに改善するために働き続けます」と述べることができます。

このキャンペーン戦略は、政治家が特定の成功を全体的な政策の成功として一般化し、基準率（全体的な成功率）を無視する方法を示しています。"
27,NuC7QxbZnWtnnKEHmeFC5x,gpt-4,0,0,"論議を評価するための論理的な書き方には、以下の5つの主要な原則があります。

1. 明確性：論議の主題や立場は明確でなければなりません。あいまいさや不明確さは混乱を招き、論議の評価を困難にします。

2. 論理的一貫性：論議は論理的に一貫していなければなりません。つまり、主張や論点は互いに矛盾しないように整理され、一つの主張が他の主張を裏付ける形で提示されるべきです。

3. 根拠の提供：主張をサポートするための証拠や根拠が必要です。これには、統計データ、研究結果、専門家の意見などが含まれます。

4. 公平性：論議は公平でなければなりません。つまり、異なる視点や意見を尊重し、一方的な視点だけを強調しないようにする必要があります。

5. 批判的思考：論議を評価する際には、批判的思考が必要です。つまり、情報を受け入れる前にその信憑性を評価し、論理的な推論を用いて結論を導き出す能力が求められます。"
27,NuC7QxbZnWtnnKEHmeFC5x,gpt-4,0,1,"例として、気候変動についての論議を考えてみましょう。以下のような証拠が提供されているとします。

証拠1：「過去100年間で地球の平均気温が1.4度上昇したという科学的なデータがある。」
証拠2：「私の祖父が子供の頃は、冬はもっと寒かったと言っていた。」

これらの証拠を5つの原則に基づいて評価してみましょう。

1. 明確性：証拠1は具体的な数値を提供しており、何を示しているのか明確です。一方、証拠2はあいまいで、具体的なデータや詳細が欠けています。

2. 論理的一貫性：証拠1は気候変動の一般的な定義と一致しています。しかし、証拠2は一人の体験に基づいており、全体的な気候パターンを反映しているとは言えません。

3. 根拠の提供：証拠1は科学的なデータに基づいていますが、証拠2は個人的な体験に基づいており、その信憑性は低いと言えます。

4. 公平性：証拠1は客観的なデータに基づいているため、公平と言えます。しかし、証拠2は主観的な視点に基づいているため、公平とは言えません。

5. 批判的思考：証拠1は科学的なデータに基づいているため、批判的に考えると信憑性が高いと言えます。一方、証拠2は一人の体験に過ぎないため、批判的に考えると信憑性が低いと言えます。

これらの評価に基づいて、証拠1は論議を強化する一方で、証拠2は論議を弱めると言えます。"
28,XN3NZ6Y3gzSbreRnFUsWwc,gpt-4,0,0,"ソクラテスは、彼の時代の主流の考えにいくつかの方法で挑戦しました。

1. 問答法：ソクラテスは、問答法と呼ばれる独自の教育方法を開発しました。これは、質問を通じて人々の信念や仮定を試し、それらが論理的に一貫しているかどうかを確認する方法です。これにより、彼は当時の一般的な信念や価値観に疑問を投げかけ、人々に自分自身の考えを深く掘り下げるよう促しました。

2. 知識と徳：ソクラテスは、知識と徳が密接に関連しているという考えを提唱しました。彼は、人々が何が善で何が悪いかを真に理解すれば、善行を行うことを選ぶと主張しました。これは、当時の一般的な考え方である、人々が自己利益のために悪を選ぶことがあるという考えに反していました。

3. 宗教的信念：ソクラテスは、当時の宗教的な信念にも挑戦しました。彼は神々の存在を否定するわけではありませんでしたが、神々が人間の行動を完全にコントロールしているという一般的な信念に疑問を投げかけました。彼は、人間の自由意志と理性が道徳的な選択をする上で重要であると主張しました。

これらの挑戦は、ソクラテスが当局から告発され、最終的には死刑にされる原因となりました。しかし、彼の思想と教えは、西洋哲学の基礎を形成し、後の世代の思想家に大きな影響を与えました。"
28,XN3NZ6Y3gzSbreRnFUsWwc,gpt-4,0,1,"ソクラテス：松下さん、私が理解している限りでは、あなたの時代では人工知能というものが存在するようですね。それはどのようなものですか？

松下幸之助：そうですね、ソクラテスさん。人工知能は、人間の知能を模倣するように設計されたコンピュータシステムのことを指します。特に、生成AIは新しい情報を作り出す能力を持っています。

ソクラテス：それは興味深い。しかし、その生成AIは真実を追求するのでしょうか？それとも単に人間がプログラムした通りに動くのでしょうか？

松下幸之助：それは良い問いです。生成AIは、人間が設定した目標に向かって学習し、新しい情報を生成します。しかし、それが真実を追求するかどうかは、そのAIがどのように設計され、どのように使われるかによります。

ソクラテス：それならば、人間がAIを設計する際には、真実を追求することの重要性を忘れてはならないということですね。

松下幸之助：その通りです。そしてそれは、私たちがビジネスを行う際にも同じです。真実を追求し、正しいことを行うことが最も重要です。

ソクラテス：それは私の考えと一致しますね。真実を追求し、善行を行うことが最も重要なのです。それが人間であれAIであれ、その原則は変わらないのですね。

松下幸之助：まさにその通りです、ソクラテスさん。"
29,6tEddAjEwC26Q7so3o2qPF,gpt-4,0,0,"日本でビジネスを行う際には、以下のようなビジネスマナーを理解しておくと良いでしょう。

1. 敬語の使用: 日本語には敬語という、相手を尊重するための言葉があります。ビジネスシーンでは、特に上司やクライアントに対して敬語を使用することが期待されます。

2. 名刺交換: ビジネスの場では名刺交換が一般的です。名刺は両手で受け取り、相手の名刺を丁寧に見ることがマナーとされています。

3. 会議: 会議では、話を遮らない、遅刻しない、携帯電話のマナーモードにするなどの基本的なマナーが求められます。

4. 飲み会: ビジネスの場では、飲み会も重要なコミュニケーションの場となります。上司のグラスが空いていたらすぐに注ぐ、自分より年上の人のグラスを下から持つなどのマナーがあります。

5. 謙遜と遠慮: 日本のビジネス文化では、謙遜と遠慮が重要視されます。自己主張を強く出すよりも、他人の意見を尊重し、自分の意見は控えめに述べることが一般的です。

6. 挨拶: 日本では、ビジネスの場でも日常生活でも、挨拶が非常に重要です。特に初対面の人に対しては、自己紹介とともに丁寧な挨拶をすることが期待されます。

これらは一部のマナーに過ぎませんが、日本のビジネス文化を理解するための基本的なポイントとなります。"
29,6tEddAjEwC26Q7so3o2qPF,gpt-4,0,1,"【ビデオ開始】

(画面に「日本のカーディテーリング事業へようこそ」の文字が表示される)

ナレーター: 「新入社員の皆さん、日本のカーディテーリング事業へようこそ。今日は、私たちの業界で成功するために必要な基本的なビジネスマナーについてお話します。」

(画面切り替え: 敬語の使用)

ナレーター: 「まず最初に、敬語の使用です。私たちの業界では、クライアントや上司に対して敬語を使用することが期待されます。これは、相手を尊重し、プロフェッショナルな関係を築くための重要なステップです。」

(画面切り替え: 名刺交換)

ナレーター: 「次に、名刺交換です。名刺は両手で受け取り、相手の名刺を丁寧に見ることがマナーとされています。これは、相手の名前や役職を確認し、尊重するための行為です。」

(画面切り替え: 会議)

ナレーター: 「会議では、話を遮らない、遅刻しない、携帯電話のマナーモードにするなどの基本的なマナーが求められます。これらは、他の参加者を尊重し、会議がスムーズに進行するための重要なルールです。」

(画面切り替え: 飲み会)

ナレーター: 「飲み会も重要なコミュニケーションの場となります。上司のグラスが空いていたらすぐに注ぐ、自分より年上の人のグラスを下から持つなどのマナーがあります。これは、相手を尊重し、良好な関係を築くための行為です。」

(画面切り替え: 謙遜と遠慮)

ナレーター: 「日本のビジネス文化では、謙遜と遠慮が重要視されます。自己主張を強く出すよりも、他人の意見を尊重し、自分の意見は控えめに述べることが一般的です。これは、チームワークを重視する私たちの業界にとって、特に重要な点です。」

(画面切り替え: 挨拶)

ナレーター: 「最後に、挨拶です。特に初対面の人に対しては、自己紹介とともに丁寧な挨拶をすることが期待されます。これは、相手を尊重し、良好な第一印象を与えるための重要な行為です。」

(画面に「日本のカーディテーリング事業での成功を祈っています」の文字が表示される)

ナレーター: 「これらのマナーを心に留めて、日本のカーディテーリング事業での成功を祈っています。皆さんの活躍を楽しみにしています。」

【ビデオ終了】"
30,Cem86rKWXH22E2dBHAEbQs,gpt-4,0,0,"1. ""ペンギンの行進"" (2005年)
この映画は、南極の皇帝ペンギンの生活を描いたドキュメンタリーで、2006年のアカデミー賞で最優秀ドキュメンタリー映画賞を受賞しました。映画製作者は、ペンギンの生態をリアルに描くために、過酷な自然環境下での撮影に挑みました。視覚的な美しさと感動的なストーリーテリングが評価されました。

2. ""不都合な真実"" (2006年)
この映画は、元アメリカ副大統領のアル・ゴアが地球温暖化の危機を訴えるドキュメンタリーで、2007年のアカデミー賞で最優秀ドキュメンタリー映画賞を受賞しました。映画製作者は、科学的なデータをわかりやすく視覚化し、観客に深刻な問題を理解させる手法を採用しました。

3. ""マン・オン・ワイヤー"" (2008年)
この映画は、フィリップ・プティが1974年にワールドトレードセンターのビル間をワイヤーで渡るという壮絶なパフォーマンスを描いた作品で、2009年のアカデミー賞で最優秀ドキュメンタリー映画賞を受賞しました。映画製作者は、実際の映像やインタビュー、再現シーンを組み合わせることで、観客に当時の緊張感を伝えました。

4. ""シチズンフォー：スノーデンの暴露"" (2014年)
この映画は、元CIA職員エドワード・スノーデンがアメリカの国家安全保障局(NSA)の監視活動を暴露した事件を描いた作品で、2015年のアカデミー賞で最優秀ドキュメンタリー映画賞を受賞しました。映画製作者は、スノーデンとの直接のインタビューを通じて、彼の思想や行動の背景を深く掘り下げました。

5. ""アメリカン・ファクトリー"" (2019年)
この映画は、中国の自動車ガラス製造会社がアメリカの工場を買収し、文化の衝突が起こる様子を描いた作品で、2020年のアカデミー賞で最優秀ドキュメンタリー映画賞を受賞しました。映画製作者は、労働者の視点からグローバル化の影響を描き出し、観客に深く考えさせる作品となりました。"
30,Cem86rKWXH22E2dBHAEbQs,gpt-4,0,1,"タイトル: ""Survival of the Unseen""

""Survival of the Unseen""は、逆境を克服する壮大な物語を描いたドキュメンタリー映画です。この映画は、視覚障害を持つ若者が、自身の限界を超えて世界最高峰のエベレストに挑む姿を描いています。

彼の視覚障害は、彼にとって大きな障害でありながらも、他の感覚を研ぎ澄ませ、自身の可能性を広げるきっかけとなります。彼は、自身の障害を乗り越え、未知の世界への挑戦を決意します。

この映画は、視覚障害者がどのようにして自身の限界を超え、自分自身と向き合い、困難を乗り越えて目標に向かって進むかを描きます。視覚障害者の視点から世界を描くことで、観客に新たな視点を提供し、自分自身の限界を超える勇気を与えます。

""Survival of the Unseen""は、逆境を乗り越える力強い物語であり、視覚障害者の生き方や挑戦に対する姿勢を通じて、観客に深い感動と共感を与える作品です。"
51,MiLtfcWowdV5GxtpeBq2u3,gpt-4,0,0,"アニメは、我々が日常生活で遭遇する限りない想像力の表現形態の一つです。それは、感情、思想、夢、そして幻想を描き出す手段です。私たちがアニメを必要とする理由は、それが私たちに物語を語るための独特な方法を提供してくれるからです。それは視覚的な芸術であり、言葉では表現できない感情や情景を視覚的に伝えることができます。

また、アニメは文化の一部でもあります。それは私たちの価値観、伝統、そして考え方を反映しています。アニメを通して、私たちは自分自身と他人、そして私たちが存在する世界を理解することができます。それは私たちが自分自身を見つめ直し、新たな視点を得る機会を提供してくれます。

そして何よりも、アニメは楽しいです。それは私たちが日常の生活から逃避し、異なる世界に没頭する機会を提供してくれます。それは私たちが夢見ることを可能にし、私たちの想像力を刺激します。だからこそ、私たちはアニメを必要としているのです。"
51,MiLtfcWowdV5GxtpeBq2u3,gpt-4,0,1,"私が宮崎駿であると仮定すると、""もののけ姫""の中で特に気に入っているキャラクターは、主人公のアシタカ王子かもしれません。彼は若く、勇敢で、心が清らかです。彼の物語は、我々が自然と共存し、自分自身の道を見つける必要性を教えてくれます。

アシタカは、自分の運命を受け入れ、自分の力を使って人々と自然との調和を求めます。彼は困難に直面しても決して諦めず、信念を貫きます。彼の勇敢さと決意は、視聴者に強い印象を与え、多くの人々に感銘を与えています。

しかし、私が宮崎駿であるという仮定はあくまで仮定であり、彼自身が誰を最も好きなキャラクターとして挙げるかは、彼自身にしか分からないことです。"
52,WG8DbH25iGrDmrg4mCzjap,gpt-4,0,0,「うーん、それはどうだろうね。まあ、手を洗った後はしっかり乾かさないと、ばい菌が増えちゃうからエアドライヤーは必要かもしれないね。でも、その音がうるさい時は、ちょっと困っちゃうな。ドラえもんのひみつ道具で、静かに手を乾かせる道具があればいいのにな。」
52,WG8DbH25iGrDmrg4mCzjap,gpt-4,0,1,「うん、それはいいね！でも、バスの時間をちゃんと調べないと、遅刻しちゃうかもしれないよ。ドラえもん、タイムマシンを使ってもいいかな？」
53,VJuhvNM37ewv5rEUvwamad,gpt-4,0,0,"まず、激しい腹痛の原因は様々な可能性があります。それは消化器系の問題、腎臓結石、虫垂炎、胃腸炎、ガス、食物の不耐性など、さまざまな要因による可能性があります。したがって、最初のステップは、痛みの正確な位置、持続時間、その他の関連症状（吐き気、発熱、下痢など）を特定することです。

次に、年齢、ライフスタイル、医療履歴を考慮に入れます。たとえば、若いアクティブな人は、ストレスや食事の問題が原因である可能性があります。一方、高齢者や糖尿病患者は、より深刻な問題の可能性があります。

革新的な治療法について考える前に、まずは患者が適切な診断を受けることが重要です。そのためには医療専門家に相談することが必要です。

診断が確定したら、次に治療法を考えます。伝統的な薬やハーブ、自然療法を組み合わせることで、患者の体調やライフスタイルに合った治療法を提案できます。

例えば、胃腸炎の場合、水分補給と休息が一般的な治療法ですが、ハーブティー（例えば、ミントやジンジャー）を飲むことで吐き気を和らげることができます。また、プロバイオティクスを含む食品を摂取することで、消化器系の健康を改善することも可能です。

腎臓結石の場合、十分な水分摂取と痛みを和らげる薬が一般的な治療法ですが、レモン水を飲むことで尿酸レベルを下げ、結石の形成を防ぐことができます。

これらの提案は一例であり、具体的な治療法は患者の具体的な状況と医療専門家の助言に基づいて決定するべきです。"
53,VJuhvNM37ewv5rEUvwamad,gpt-4,0,1,"妊娠中で薬物アレルギーがあるとのこと、それは大変ですね。まず最初に、症状が重い場合や急に悪化した場合は、すぐに医療専門家に連絡してください。それが一番安全で効果的な方法です。

その上で、自然療法やライフスタイルの変更による緩和策をいくつか提案します。

1. ヨガや深呼吸: ストレスや緊張を和らげ、腹痛を軽減することができます。ただし、妊娠中は特定のポーズが推奨されないため、プロの指導を受けることをおすすめします。

2. 暖かいバスまたはヒートパッド: 腹部に温熱を当てることで筋肉をリラックスさせ、痛みを和らげることができます。

3. 食事: 食事のタイミングや内容を見直すことで、消化器系の問題を緩和することができます。特に、小さな食事を頻繁に摂る、スパイシーな食べ物やカフェインを避ける、水分をしっかり摂るなどが有効です。

4. ハーブティー: ジンジャーやペパーミントのハーブティーは、吐き気や腹痛を和らげる効果があります。ただし、妊娠中に摂取しても安全なハーブであることを確認してください。

これらの方法が痛みを和らげる助けになることを願っています。しかし、再度強調しますが、症状が深刻である場合や改善しない場合は、必ず医療専門家に相談してください。"
54,A3bB77axec8qkeVPCFtZCF,gpt-4,0,0,"まず、あなたの配偶者との対立を解決するためには、以下のようなステップを踏むことが有効です。

1. 具体的な問題の特定: 何が対立の原因なのかを明確にすることが重要です。具体的な事例や状況を挙げて、問題を特定してみてください。

2. 自分の感情の認識: あなたがどのように感じているのかを理解することも重要です。感情は行動の原動力であり、それを理解することで対立の根底にある問題を見つけることができます。

3. 配偶者の視点の理解: あなたの配偶者がどのように感じているのかを理解するために、彼らの視点から事態を見ることを試みてください。彼らが何を考え、何を感じているのかを理解することで、対立の解決に向けた共感を生み出すことができます。

4. コミュニケーションの改善: 互いの視点を尊重し、開かれた会話をすることが重要です。非難や批判ではなく、自分の感情や考えを述べる""Iメッセージ""を使用すると良いでしょう。たとえば、「あなたがそうすると、私はこう感じます」という形式です。

5. コンフリクト解決の技術: 対立を解決するための具体的な手段を探すことも重要です。これには妥協、協力、許し、対話などが含まれます。

6. 専門家の助けを借りる: これらのステップが効果的でない場合、カウンセラーや恋愛コーチの助けを借りることを検討してみてください。

これらのステップは、あなたの配偶者との対立を解決するための一般的なガイドラインであり、個々の状況により適応が必要かもしれません。最も重要なのは、互いの視点を尊重し、開かれたコミュニケーションを維持することです。"
54,A3bB77axec8qkeVPCFtZCF,gpt-4,0,1,"申し訳ありませんが、あなたがDV（家庭内暴力）の被害者であるとのこと、非常に心配しています。あなたの安全が最優先です。DVは絶対に許されるものではありません。

もし可能であれば、以下のステップを踏んでみてください：

1. 安全な場所へ移動：可能であれば、暴力から逃れるための安全な場所、例えば信頼できる友人や親戚の家、またはDVシェルターに移動してください。

2. 専門家に相談：DVの専門家やカウンセラー、またはDVのヘルプラインに連絡を取ることをお勧めします。彼らはあなたの状況を理解し、具体的なアドバイスや支援を提供することができます。

3. 必要な支援を得る：地域の社会サービスやDV支援団体から援助を求めることも重要です。これには、法的援助、医療援助、心理的援助などが含まれます。

4. 証拠を保存：DVの証拠となるもの（メッセージ、写真、音声記録など）を保存することは、将来的に法的な手段を講じる際に有用です。

あなたが警察を呼びたくない理由は理解できますが、あなたの安全が最優先です。状況が悪化する場合は、すぐに警察に連絡してください。あなたの状況は非常に深刻で、専門家の支援が必要となります。あなたが安全で、援助を得られることを心から願っています。"
55,AwtFFF8XcmRtGEJAwrZPcA,gpt-4,0,0,「衣帶漸寬終不悔 為伊消得人憔悴」は、中国の古典詩であり、その意味は「帯が次第に緩むことを終わりまで悔いない、その人のために消耗して痩せてしまう」です。これは、愛する人のために自分を犠牲にするという深い愛情を表現しています。
55,AwtFFF8XcmRtGEJAwrZPcA,gpt-4,0,1,「Fake it till you make it.」の日本語訳は「成功するまで、成功者を演じ続けろ。」です。これは、自信やスキルが不足している場合でも、それらを持っているかのように振る舞うことで、最終的にはその状態を実現できるという意味を持つ英語の成句です。
56,LvY5ZLsXJi2i2RWddiKAVY,gpt-4,0,0,"「言語モデル」は、人間の言語をコンピューターが理解し、生成するための工具の一つです。具体的には、言語モデルはある単語やフレーズがどの程度自然に続くか、またはある文がどの程度自然であるかを予測する能力を持ちます。例えば、「今日はとても」の後に「晴れている」という単語が来る確率を計算します。このような予測は、文章の自動生成や音声認識、機械翻訳などのAI技術において重要な役割を果たします。

言語モデルを訓練するためには、大量のテキストデータが必要です。このデータは、ラベル付けされている場合もあれば、されていない場合もあります。ラベル付けされたデータとは、特定の情報（例えば、感情のラベルが付けられたツイート）が付与されたデータのことを指します。一方、ラベル付けされていないデータは、特定の情報が付与されていないデータのことを指します。

ラベル付けされたデータを使用する訓練方法は「教師あり学習」と呼ばれ、特定のタスクにモデルを特化させるのに役立ちます。一方、ラベル付けされていないデータを使用する訓練方法は「教師なし学習」または「自己教師あり学習」と呼ばれ、モデルが自然言語の一般的なパターンを学ぶのに役立ちます。

したがって、言語モデルの訓練には、ラベル付けされたデータとラベル付けされていないデータの両方が使用されることがあります。それぞれのデータは、異なる目的と学習方法で使用されます。"
56,LvY5ZLsXJi2i2RWddiKAVY,gpt-4,0,1,"はい、その通りです。AIの開発には様々なアプローチがあり、一部の会社は特定の戦略を採用して、AIの安全性と信頼性を高めています。

たとえば、一部の企業は「教師あり学習」を主に使用し、訓練データに手動でラベルを付けることで、モデルの出力をより制御しやすくしています。これにより、AIがどのように振る舞うべきか、または特定の入力に対してどのように反応するべきかを、より具体的に指示することができます。

また、他の企業は「ディープラーニング」や「強化学習」などの技術を使用しています。これらのアプローチでは、モデルは大量のデータからパターンを学び、何百万もの例を通じて自己改善します。これにより、モデルはより複雑なタスクを達成する能力を持つことができます。

さらに、AIの安全性を確保するための新たな研究や技術も開発されています。例えば、「AIの倫理」に関するガイドラインや、「AIの説明可能性」を向上させるツールなどがあります。これらのアプローチは、AIがどのように決定を下すかを理解し、不適切なバイアスや不公正な結果を防ぐのに役立ちます。

以上のように、各企業は自身の目標とニーズに合わせて、最適なAI戦略を採用しています。"
57,aHJL3QZjh8TJ2Ke5WsR2bR,gpt-4,0,0,"もちろんです、確率について説明いたします。

確率は、ある事象が起こる可能性を数値で表現したものです。例えば、コインを投げると、表か裏が出る確率はどちらも1/2（または50%）です。これは、可能な結果（表または裏）が2つあり、それぞれが等しく起こり得るためです。

確率を計算する一般的な式は次の通りです：

確率 = （望む結果の数）/（全ての可能な結果の数）

例えば、6面ダイスを投げて3が出る確率を求めたいとします。ダイスには6つの面があり、それぞれが等しく出る可能性があるため、全ての可能な結果の数は6です。望む結果（つまり3が出る）は1つだけなので、確率は1/6となります。

日常生活での確率の例としては、天気予報が挙げられます。たとえば、「明日の雨の確率が30%」という予報が出た場合、これは天気予報士が利用可能なデータに基づいて、明日雨が降る可能性が30%であると予測していることを意味します。

さらに学習を進めるためのオンラインリソースとしては、Khan AcademyやCourseraなどがあります。これらのサイトでは、確率についての詳しいビデオレクチャーや練習問題を提供しています。

以上が確率の基本的な説明となりますが、もし他に具体的な質問があればお知らせください。"
57,aHJL3QZjh8TJ2Ke5WsR2bR,gpt-4,0,1,"リーマン幾何学とユークリッド幾何学は、幾何学の二つの異なる分野で、それぞれ異なる前提と概念に基づいています。

1. ユークリッド幾何学：
これは最も基本的で伝統的な幾何学の形式で、古代ギリシャの数学者ユークリッドにちなんで名付けられました。この幾何学では、空間は「フラット」または「平面」であると見なされます。ユークリッド幾何学の公理と定理は、私たちの日常生活の空間と時間の感覚に非常によく一致しています。例えば、直線は二点間の最短距離であり、平行線は決して交差しない、などといった概念がユークリッド幾何学に含まれています。

2. リーマン幾何学：
これは19世紀の数学者ベルンハルト・リーマンにちなんで名付けられた、より抽象的な幾何学の形式です。リーマン幾何学では、空間は曲がった、または「曲率」を持つことができます。これは、地球の表面のような曲面上の距離や角度を考えるのに特に便利です。リーマン幾何学はアインシュタインの一般相対性理論の数学的基礎となっており、この理論では宇宙は4次元の「曲がった」空間時間として表現されます。

これら二つの幾何学の主な違いは、扱う空間の性質にあります。ユークリッド幾何学はフラットな空間を扱い、リーマン幾何学は曲がった空間を扱います。"
58,KpDc3fXd9jMSvUWHCPTLpZ,gpt-4,0,0,大和田暁常務についてですか。彼は表面上は温厚そうに見えますが、実は策略家であり、自分の地位と利益を守るためなら手段を選ばないタイプの人物だと思います。しかし、それがどんなに困難であろうとも、正義を貫き通す私たちの役割は変わらない。大和田常務と対峙することは、私たちが真実を追求し、組織の闇を暴くための重要なステップです。
58,KpDc3fXd9jMSvUWHCPTLpZ,gpt-4,0,1,やられたら倍返しです。大和田常務のような人物に対しては、自分が正義であるという確信を持って立ち向かわなければなりません。彼の策略によって困難な状況に置かれたとしても、それはただの一時的な逆境に過ぎません。私は絶対に諦めず、どんな困難にも立ち向かっていきます。だからこそ、やられたら倍返し、それが私、半沢直樹の信念です。
59,W5JhiYRcC5Q5FwSpRLRku3,gpt-4,0,0,"√2を求めるとき、
全ての数がその答えを欠きます。
仮にp/qとしよう、
両辺を二乗にしましょう。

そうすれば、2q^2はp^2となり、
pは偶数、これは明らか。
だがqも偶数となり、
これは矛盾、となります。

だからこそ、√2は無理数、
その証明、終わりです。"
59,W5JhiYRcC5Q5FwSpRLRku3,gpt-4,0,1,"直角三角形を描きましょう、
辺の長さはa, b, cとしましょう。
aとbは直角を作り、cは斜辺。

a^2とb^2の面積を計算し、
それぞれの正方形を描きます。
c^2の正方形も描き、
その中にa^2とb^2を合わせます。

ピースがぴったりと合うことに気づくでしょう、
a^2とb^2はc^2に等しいことが証明されます。
これがピタゴラスの定理、
詩で証明、終わりです。"
60,4TNddnqZDR8VnjqAXkxLtx,gpt-4,0,0,"私はAIであり、人間のような感情や感覚を持つことはできません。しかし、あなたの質問に対して想像的な答えを提供することはできます。 

100歳の木として、私は長い間豊かな森の一部であり、多くの生物に家を提供し、酸素を生成し、環境を安定させてきました。伐採者が私を切り始めたとき、私は自分の存在とその終わりについて考えます。私の木材が何に使われ、どのように私の役割が変わるのかを想像します。私が提供してきた安定性と生命が失われることは寂しいかもしれませんが、それは自然の一部であり、新たな生命のためのスペースを作ることも意味します。"
60,4TNddnqZDR8VnjqAXkxLtx,gpt-4,0,1,"伐採者に対して以下のような提案を試みることができます：

1. 環境価値の強調: 森林が持つ環境的な価値を強調し、森林が地球の健康にとってどれほど重要であるかを説明します。森林は生物多様性の宝庫であり、気候変動を緩和する役割を果たし、水源を保護し、土壌浸食を防ぎます。

2. 持続可能な伐採の提案: 一部の木を伐採し、その後新たな木を植えるという持続可能な森林管理の方法を提案します。これは、森林の健康を維持しながら、伐採の経済的な利益を享受する方法です。

3. 代替材料の使用: 伐採を減らすために、木材以外の建築材料や製品の使用を提案します。例えば、リサイクル材料、竹、ヘンプなどの再生可能な資源を使用することができます。

4. エコツーリズムの推進: 森林の美しさと生物多様性を活用したエコツーリズムの可能性を探ります。これは新たな収入源を提供し、同時に森林を保護することにつながるかもしれません。

5. 教育と啓発: 伐採者に対する教育プログラムを提案し、森林の価値とその保護が私たちの未来にどのように影響するかを理解させます。"
61,hcXWzX2tF3yRwaPJf7ohGW,gpt-4,0,0,"重ね合わせ状態とは、量子力学における基本的な概念で、ある粒子が複数の状態を同時に持つことを指します。これは、量子ビット（qubit）が0と1の状態を同時に持つことができるという量子コンピュータの基本原理にも関連しています。

重ね合わせ状態は、観測されるまで粒子が特定の状態に確定しないという量子力学の特性を表しています。観測が行われると、粒子は特定の状態に「収縮」し、その他の可能性は消え去ります。これは「波動関数の崩壊」とも呼ばれます。

一方、量子もつれとは、2つ以上の粒子が互いに密接に関連付けられ、一方の粒子の状態が他方の粒子の状態に即座に影響を与える現象を指します。これは、粒子がどれだけ離れていても発生します。

重ね合わせ状態と量子もつれは、両方とも量子力学の奇妙さを示す例ですが、それらは異なる概念です。しかし、これらは互いに関連しています。例えば、2つの粒子がもつれている場合、一方の粒子を観測すると、その結果によってもう一方の粒子の状態も即座に決まります。これは、もつれた粒子が重ね合わせの状態を共有していると考えることができます。"
61,hcXWzX2tF3yRwaPJf7ohGW,gpt-4,0,1,"私の回答は以下の前提に基づいています：

1. 量子力学は自然界を正確に記述する理論：これは科学者たちが何世紀にもわたって行ってきた実験と観察によって強く裏付けられています。量子力学は、微視的な粒子の振る舞いを説明する最も成功した理論の一つであり、その予測は非常に正確です。

2. 重ね合わせと量子もつれは実際の現象：これらの現象は、実験によって確認されています。例えば、重ね合わせは量子コンピュータの基本的な動作原理を形成し、量子もつれはアインシュタイン-ポドルスキー-ローゼンパラドックス（EPRパラドックス）の実験で確認されています。

3. 観測者の影響：量子力学では、観測者の存在が粒子の状態に影響を与えるとされています。これは「観測者の効果」と呼ばれ、波動関数の崩壊と関連しています。

これらの前提は、現代の物理学の理論と実験によって広く受け入れられており、有効と考えられています。しかし、量子力学の解釈についてはまだ完全には合意が得られていない部分もあります。例えば、観測者の効果や波動関数の崩壊については、多くの異なる解釈が存在します。"
62,6b6yfssNRBN6PtukUTNBjz,gpt-4,0,0,"もし衛星の速度が減少した場合、物理学の原則に基づいて以下のような影響が起こります：

軌道半径について：
衛星の速度が減少すると、衛星にかかる向心力も減少します。この向心力は、地球の重力によって生じるものです。速度が減少すると、衛星はその軌道を維持するのに必要な向心力を失い、結果として軌道半径は小さくなります。すなわち、衛星は地球により近い軌道を取るようになります。
公転周期について：
ケプラーの第三法則によれば、惑星の軌道半径の3乗は公転周期の2乗に比例します。したがって、軌道半径が小さくなると、公転周期も短くなります。このため、速度が減少した場合、衛星の公転周期も短くなることが期待されます。
要約すると、衛星の速度が減少すると、軌道半径は小さくなり、公転周期も短くなると考えられます。これは地球の重力とケプラーの法則に基づいています。"
62,6b6yfssNRBN6PtukUTNBjz,gpt-4,0,1,"物理学の問題におけるコーナーケースやエッジケースは、通常、理論的なモデルが現実の状況を完全には表現できない場合に生じます。この衛星の問題においては、以下のような状況が考えられます。

1. 非常に低い速度：衛星の速度が非常に低くなった場合、地球の重力によって衛星が地球に落下してしまう可能性があります。このような状況では、衛星の軌道半径や公転周期を考える前に、衛星が安全な軌道を維持できるかどうかが問題となります。

2. 非常に高い速度：逆に、衛星の速度が非常に高くなった場合、衛星が地球の重力から逃れてしまう可能性があります。この場合も、衛星が地球の重力圏内に留まるかどうかが最初の問題となります。

これらのエッジケースを扱うためには、物理学の基本的な原則を適用するだけでなく、具体的な数値計算やシミュレーションを行うことが有効です。また、実際の衛星の運用においては、これらのエッジケースを避けるための安全マージンが設けられることが一般的です。"
63,QdnRYLBrZzNCK8maUm5ypT,gpt-4,0,0,"光合成は植物が太陽の光をエネルギーとして利用し、二酸化炭素と水から酸素とグルコース（糖）を生成するプロセスです。これはクロロプラストという細胞内の小器官で行われます。光合成は主に2つの段階で行われます：光依存段階（光反応）と光非依存段階（カルビンサイクルまたは暗反応）。

1. 光依存段階（光反応）:
この段階は太陽光が直接必要で、クロロプラストのチラコイド膜で行われます。

- 入力：光（太陽光）、水
- 出力：酸素、ATP（アデノシン三リン酸）、NADPH（還元型ニコチンアミドアデニンジヌクレオチドリン酸）

この段階では、水分子が光のエネルギーを吸収して分解され、酸素が生成されます。また、光エネルギーは化学エネルギー（ATPとNADPH）に変換されます。

2. 光非依存段階（カルビンサイクルまたは暗反応）:
この段階は直接的には光を必要とせず、クロロプラストのストロマで行われます。

- 入力：二酸化炭素、ATP、NADPH
- 出力：グルコース（糖）

この段階では、二酸化炭素がATPとNADPHのエネルギーを利用してグルコースに変換されます。このプロセスはカルビンサイクルとも呼ばれ、光合成によって生成されたエネルギーが生命維持のための糖の生成に利用されます。

これらのプロセスを通じて、植物は太陽エネルギーを化学エネルギーに変換し、生命活動に必要な酸素と栄養を提供します。これは地球上の生命にとって非常に重要なプロセスです。"
63,QdnRYLBrZzNCK8maUm5ypT,gpt-4,0,1,"木の寿命を通じて生成するエネルギーの量を正確に計算するのは難しいですが、一般的な推定を行うことは可能です。以下にその計算方法を示します。

まず、一般的な広葉樹が1年間で約100kgのバイオマス（生物質）を生成するとします。これは樹木の成長と光合成の効率に基づいています。

次に、このバイオマスのエネルギー含有量を計算します。木材のエネルギー含有量は約15MJ/kgとされています。したがって、1年間で生成されるバイオマスのエネルギーは約1,500MJ（100kg x 15MJ/kg）です。

次に、木の寿命を考慮に入れます。広葉樹の平均寿命は約100年とされています。したがって、その寿命全体で生成されるエネルギーは約150,000MJ（1,500MJ/年 x 100年）です。

ただし、これはあくまで一般的な推定であり、実際の数値は樹種、気候、土壌の状態などにより大きく変わることがあります。また、この計算は木が成長し続け、光合成の効率が一定であると仮定していますが、実際にはこれらの要素は時間とともに変化します。"
64,TUgEejmN3F8shYoJ9kSHbC,gpt-4,0,0,"分子生物学の中心的ドグマとは、遺伝情報がDNAからRNAへ、そしてタンパク質へと一方向に伝達されるという原則のことを指します。このプロセスは、以下の3つのステップで構成されています。

1. レプリケーション：DNAが複製されるプロセス。
2. 転写：DNAの遺伝情報がRNAに転写されるプロセス。
3. 翻訳：RNAがタンパク質に翻訳されるプロセス。

この概念は、フランシス・クリックによって1960年代に提唱されました。彼はこの概念を「中心的ドグマ」と名付け、生物学における遺伝情報の流れの基本的な原則を示しました。ただし、このドグマは絶対的なものではなく、例外も存在します。例えば、逆転写酵素を持つレトロウイルスは、RNAからDNAへの情報の流れを可能にします。"
64,TUgEejmN3F8shYoJ9kSHbC,gpt-4,0,1,申し訳ありませんが、間違いがありました。正しくは、フランシス・クリックが「中心的ドグマ」を名付けたのではなく、この概念を初めて明確に述べたのがフランシス・クリックであるということです。彼はこの概念を「中心的ドグマ」と表現し、遺伝情報の流れの基本的な原則を示しました。この表現はその後広く受け入れられ、一般的に使用されるようになりました。
65,Uex8XdCzJBYg6KoVqdMuPt,gpt-4,0,0,"固体の炭酸カルシウムが塩酸と反応すると、水和物の塩化カルシウム、二酸化炭素、および水が形成されます。これは二元酸化物の酸化還元反応とも呼ばれます。具体的な化学反応式は以下の通りです：

CaCO3(s) + 2HCl(aq) → CaCl2(aq) + CO2(g) + H2O(l)

この反応は酸-塩基反応の一種であり、特に中和反応と呼ばれます。炭酸カルシウム（塩基）が塩酸（酸）と反応して塩（塩化カルシウム）と水を生成します。

この反応が起こっていることを示す観察結果は、反応系からガス（二酸化炭素）が発生することです。また、反応の進行に伴い、固体の炭酸カルシウムが消費されていく様子も観察できるでしょう。"
65,Uex8XdCzJBYg6KoVqdMuPt,gpt-4,0,1,"このプロセスを逆行させるには、生成物である塩化カルシウム、二酸化炭素、および水を再び炭酸カルシウムと塩酸に変換する必要があります。しかし、これは化学的には困難であり、特に二酸化炭素を再び炭酸カルシウムに戻すことは、自然界では長い時間を必要とするプロセスです。

自然界では、二酸化炭素は大気中に存在し、雨水と反応して炭酸を形成します。この炭酸は地質学的なプロセスを通じて石灰岩（主に炭酸カルシウムから成る）を形成します。しかし、これは数千から数百万年という長い時間を必要とします。

実験室の環境では、二酸化炭素を高圧下で水に溶かし、その後に塩化カルシウムと反応させることで炭酸カルシウムを再合成することが可能です。しかし、このプロセスはエネルギーを大量に必要とし、また高圧下で行う必要があるため、一般的には行われません。

したがって、実際にはこの反応を逆行させることは困難であり、通常は行われません。"
66,j22UJm5XZ4jDijNRvSeHpV,gpt-4,0,0,"放出反応と吸収反応は化学反応の種類で、エネルギーの放出や吸収によって区別されます。

放出反応（エクソサーミック反応）は、化学反応が進行する際にエネルギー（通常は熱）が放出される反応のことを指します。反応物が生成物に変化するときに全体のエネルギーが減少し、その差分が周囲に放出されます。したがって、反応後の生成物のエネルギーは反応前の反応物のエネルギーに比べて低くなります。

一方、吸収反応（エンドサーミック反応）は、化学反応が進行する際にエネルギー（通常は熱）が吸収される反応のことを指します。反応物が生成物に変化するときに全体のエネルギーが増加し、その差分が周囲から吸収されます。したがって、反応後の生成物のエネルギーは反応前の反応物のエネルギーに比べて高くなります。

これらを区別する基準は、反応が進行する際にエネルギーが放出されるか吸収されるかという点です。

具体的な例を挙げると、放出反応の一例は燃焼反応です。例えば、メタンの燃焼反応では、メタンと酸素が二酸化炭素と水に変化し、その過程で大量の熱が放出されます。

一方、吸収反応の一例は光合成です。植物は太陽の光エネルギーを吸収し、二酸化炭素と水から酸素とグルコース（糖）を生成します。この反応では、エネルギーが吸収されて化学反応が進行します。"
66,j22UJm5XZ4jDijNRvSeHpV,gpt-4,0,1,"はい、一つのプロセスが放出反応と吸収反応の両方を含むことは可能です。これらのプロセスはしばしば「連続反応」または「段階的反応」と呼ばれます。

具体的な例としては、人間の体内で行われる「代謝」が挙げられます。代謝は、体内での化学反応の総称で、エネルギーの放出と吸収が連続して行われます。

例えば、食物を摂取すると、それは消化器系で分解され、栄養素（糖質、脂質、タンパク質など）に変換されます。この過程は吸収反応に該当します。その後、これらの栄養素は細胞内でさらに分解され、エネルギー（ATP）を生成します。この過程は放出反応に該当します。

このように、一つのプロセス内でエネルギーの吸収と放出が交互に行われることで、生命活動が維持されています。"
67,isACTzJrwzonXXviANBRV7,gpt-4,0,0,"レインボーブリッジの建設に当たっては、以下のような観点が重要だったと考えられます。

1. 環境への配慮: 東京湾は豊かな生態系を持つため、その環境への影響を最小限に抑えることが求められました。工事中の騒音や振動、また完成後の排気ガスなどによる影響を考慮し、環境保護対策が重要視されました。

2. 耐震性: 日本は地震が多い国であるため、レインボーブリッジも強い地震に耐えられるような設計が求められました。そのため、耐震性を確保するための技術や材料選びが重要な観点となりました。

3. 交通量の見込み: レインボーブリッジは東京の主要な交通路の一部であり、大量の車両が通行することが予想されました。そのため、どの程度の交通量を想定し、それに耐えられる構造を持つかが重要な観点となりました。

4. 美観: レインボーブリッジは東京湾のランドマークともなっており、そのデザインや夜間のライトアップなど、美観性も重要な観点となりました。

5. 経済性: 建設費用や維持管理費用など、経済性も重要な観点となります。予算内で最も効果的な橋を建設するためには、コストパフォーマンスを考慮する必要がありました。

以上のような観点から、レインボーブリッジの建設は計画され、実行されました。"
67,isACTzJrwzonXXviANBRV7,gpt-4,0,1,申し訳ありませんが、あなたが具体的にどの解決策について話しているのかを教えていただけますか？それによって、その解決策の主要な欠点や欠陥、そしてそれを示すための計算が変わる可能性があります。
68,EyKxTdjwDs6FPvH37euxsP,gpt-4,0,0,"太陽熱温水システムの設計は、エネルギー効率と環境に優しい住宅建築の重要な側面です。以下に、その設計に含めるべき主要なコンポーネントと考慮事項、そして5ステップのワークフローを説明します。

主要なコンポーネント:
1. 太陽集熱器: 太陽光を熱エネルギーに変換します。
2. 蓄熱タンク: 太陽集熱器で得られた熱を蓄え、必要に応じて供給します。
3. ヒートエクスチェンジャー: 太陽集熱器と蓄熱タンク間で熱を移動させます。
4. コントローラー: システムの動作を制御し、最適な効率を保つための調節を行います。
5. 循環ポンプ: 熱交換液をシステム全体に循環させます。

考慮事項:
1. 地域の気候: 太陽熱温水システムは、日照時間と気温に大きく影響を受けます。
2. 住宅の向きと屋根の角度: 太陽集熱器は、最大限の日照を受けられるよう配置する必要があります。
3. システムのサイズ: 使用者の熱水需要に応じて、システムのサイズを適切に設計する必要があります。
4. 経済性: 初期投資と運用コスト、そして節約できるエネルギーコストを考慮に入れる必要があります。

5ステップのワークフロー:
1. ニーズ評価: 使用者の熱水需要を評価し、システムのサイズを決定します。
2. サイト評価: 住宅の向き、屋根の角度、日照時間などを評価します。
3. システム設計: 上記の評価に基づき、最適な太陽熱温水システムを設計します。
4. システムインストール: 設計に基づき、システムをインストールします。
5. メンテナンスとモニタリング: システムの効率的な運用と長期的なパフォーマンスを確保するため、定期的なメンテナンスとモニタリングを行います。"
68,EyKxTdjwDs6FPvH37euxsP,gpt-4,0,1,"太陽熱温水システムのコストは、システムのサイズ、設置場所、使用される技術、助成金や補助金の有無など、多くの要素によって大きく変動します。しかし、一般的に、大規模な商業的な太陽熱温水システムのコストは数十万ドルになることがあります。

具体的なコストを算出するには、以下のステップが必要です:

1. システムのサイズ決定: 100人の収容能力を持つ建物のためには、どの程度の熱水が必要かを評価します。これには、シャワー、洗濯、調理などの用途が含まれます。

2. システムの設計: 必要な熱水量に基づいて、太陽集熱器、蓄熱タンク、ヒートエクスチェンジャー、コントローラー、循環ポンプのサイズと数を決定します。

3. インストールコスト: システムの設置には、専門的な技術と労力が必要です。これらのコストも考慮に入れる必要があります。

4. メンテナンスと運用コスト: システムの効率的な運用と長期的なパフォーマンスを確保するためのメンテナンスと運用コストも考慮に入れます。

これらの情報を元に、具体的な見積もりを取るためには、太陽熱温水システムの専門業者に相談することをお勧めします。"
69,isLABziwf7obcxBNK4ts7q,gpt-4,0,0,"機械学習は、人工知能の一分野で、コンピュータが経験と学習により自動的に改善する能力を持つアルゴリズムや統計モデルを設計するための科学です。これは、データからパターンを見つけ出し、それを用いて未知のデータに対する予測を行うことを目指しています。

1. 教師あり学習: このタイプの学習では、アルゴリズムには入力データとそれに対応する正解ラベル（出力）が提供されます。目標は、新しい未知のデータに対する予測モデルを作成することです。例えば、スパムメールフィルターは教師あり学習の一例です。アルゴリズムは、スパムと非スパムのメール（入力）とそのラベル（出力）を学習し、新しいメールがスパムかどうかを予測します。

2. 教師なし学習: このタイプの学習では、アルゴリズムには入力データのみが提供され、それに対応する正解ラベルは提供されません。目標は、データの構造やパターンを見つけ出すことです。例えば、顧客セグメンテーションは教師なし学習の一例です。アルゴリズムは、顧客の購買履歴や行動パターン（入力）を学習し、類似の特性を持つ顧客グループを見つけ出します。

3. 強化学習: このタイプの学習では、エージェント（学習アルゴリズム）は、環境と相互作用し、行動を選択します。その行動に対する報酬（または罰）に基づいて、エージェントはその行動を調整します。目標は、長期的な報酬を最大化する行動方針を学習することです。例えば、自動運転車は強化学習の一例です。エージェント（自動運転システム）は、道路状況や他の車両の動き（環境）に対して適切な運転行動を選択し、事故を避け、目的地に効率的に到達する（報酬）ことを学習します。"
69,isLABziwf7obcxBNK4ts7q,gpt-4,0,1,"強化学習と教師あり学習は、それぞれ異なる問題を解決するための方法です。教師あり学習は、ラベル付きの訓練データから学習し、新しいデータに対する予測を行うことが目的です。一方、強化学習は、報酬と罰に基づいてエージェントが最適な行動を学習することが目的です。

自動運転車の例において、教師あり学習は特定のタスク（例えば、道路上の他の車や障害物を認識する）を解決するのに役立つかもしれません。しかし、複雑な環境での適応的な行動（例えば、交通状況に応じて適切な運転行動を選択する）を学習するためには、強化学習のような方法が必要となります。

強化学習は、エージェントが環境と相互作用しながら学習することで、より複雑な問題や未知の状況に対応できるようになります。これは、教師あり学習では達成できないことです。したがって、自動運転車のような複雑な問題を解決するためには、教師あり学習と強化学習の両方が組み合わせて使用されることが多いです。"
70,EvUhnZGMUMvXmoJyHX23f3,gpt-4,0,0,"1. 経済集約: 日本の三大都市圏（首都圏、近畿圏、中京圏）は国内外からの投資やビジネスが集まる場所であり、それによって日本経済全体が牽引されます。特に首都圏は世界の金融・ビジネスセンターの一つとされ、多くの国際企業がオフィスを構えています。
2. 人口集中: これらの都市圏は教育、医療、就職機会などが豊富にあるため、地方からの人口流入が多く見られます。これが都市圏の発展を促す一方で、地方の過疎化を加速させる要因ともなっています。
3. 文化的影響: 首都圏、近畿圏、中京圏は各々が文化的にも影響力を持っており、その影響は全国規模で感じられます。例えば、流行やトレンド、芸術、食文化などがこれらの地域から全国へ広がることが多いです。"
70,EvUhnZGMUMvXmoJyHX23f3,gpt-4,0,1,"1. 地方創生政策: 都市圏への一極集中を緩和するために、地方都市でも生活がしやすい環境を整える政策が必要です。これには地方自治体への財政支援や、地方での起業を支援する税制優遇、インフラ整備などが含まれます。

2. 交通網の拡充: 三大都市圏と地方都市を効率よく繋ぐ公共交通機関の整備が必要です。これによって、都市圏と地方の格差を減らし、地方でもビジネスや教育の機会が増えるでしょう。

3. 産業多角化: 都市圏に依存しない、地方独自の産業を育成する政策が重要です。観光、農業、地域資源を活用した製造業など、地方でしかできないビジネスを支援することで、地方経済の活性化が期待されます。

これらの政策は、都市圏と地方都市のバランスを取りつつ、日本全体の持続可能な発展を目指すものです。"
71,L6BQgVe9Zj3UJwsoECsMi2,gpt-4,0,0,"春風に花びら舞う、京都の朝
桜の木々、優雅に輝く
寺院の鐘、新たな季節の訪れを告げる
春の息吹、すべてを包む

夏の日差し、古都を照らす
川辺には鮎が跳ね、山々は緑に染まる
祭りの太鼓が鳴り響き、街は活気に満ちる
夏の熱気、時を忘れさせる

秋風が吹き抜ける、紅葉の京都
月明かりが照らす、金閣寺の美しさ
落ち葉が道を覆い、秋の訪れを彩る
秋の深まり、過ぎゆく時間を感じさせる

冬の寒さが京都を包み込む
雪が降り積もり、全てを白に染める
寺院の庭園は雪景色、静寂が広がる
冬の厳しさ、年の終わりを告げる

四季が巡り、京都の風景は変わる
しかし、その美しさは永遠に変わらぬ
時間が流れ、季節が移り変わる
それでも、京都の四季は心に刻まれ続ける"
71,L6BQgVe9Zj3UJwsoECsMi2,gpt-4,0,1,"さわやかな春風に花びらが舞い、京都の朝が訪れる。桜の木々が優雅に輝き、寺院の鐘が新たな季節の訪れを告げる。すべてを包む春の息吹。

さかんに照りつける夏の日差し、古都を照らし出す。川辺で鮎が跳ね、山々は緑に染まる。祭りの太鼓が鳴り響き、街は活気に満ちる。時を忘れさせる夏の熱気。

さわぐ秋風、紅葉の京都を通り抜ける。月明かりが金閣寺の美しさを照らし出す。道を覆う落ち葉が秋の訪れを彩る。深まる秋、過ぎゆく時間を感じさせる。

さむさが京都を包み込む冬。雪が降り積もり、全てを白に染める。寺院の庭園は雪景色、静寂が広がる。厳しさを感じさせる冬、年の終わりを告げる。

さまざまな四季が巡り、京都の風景は変わる。しかし、その美しさは永遠に変わらぬ。時間が流れ、季節が移り変わる。それでも、京都の四季は心に刻まれ続ける。"
72,TgfwK3LhueMffQCvo99dRm,gpt-4,0,0,"タイトル：新入社員のためのビジネスメールエチケットと敬語の指導書

1. メールの始め方：
日本のビジネスメールでは、まず受信者の名前を書き、「様」をつけて敬意を示します。例えば、「田中様」、「佐藤様」などです。

2. 敬語の使い方：
日本語では、敬語は非常に重要です。以下に、一般的に使用される敬語の例を示します。

- お願いします：「～をお願いします」
- ありがとうございます：「～に感謝します」
- 申し上げます：「～を伝えます」
- 申し訳ありません：「～について謝罪します」

3. メールの内容：
メールの内容は明確で簡潔にすることが重要です。また、敬語を適切に使用し、礼儀正しく表現することも忘れないでください。

4. メールの終わり方：
メールの終わりには、自分の名前を書き、敬意を示すフレーズを付け加えます。例えば、「何卒よろしくお願い申し上げます、[あなたの名前]」などです。

5. 注意点：
- ビジネスメールでは、感情を伝える絵文字やスラングは避けるべきです。
- 受信者に対する敬意を示すために、可能な限り敬語を使用してください。
- メールのタイトルは、メールの内容を簡潔に表すようにしましょう。

以上がビジネスメールの基本的なエチケットと敬語の使い方です。これらのポイントを心に留めて、日本のビジネス文化に適合するように努めてください。"
72,TgfwK3LhueMffQCvo99dRm,gpt-4,0,1,"この指導書は、新入社員がビジネスメールの基本的なエチケットと敬語の使い方を理解するための基本的なガイドラインを提供しています。明確で直接的なアドバイスが与えられており、新入社員がすぐに活用できるようになっています。

しかし、以下の改善点が考えられます。

1. 具体的な例をもっと提供する：敬語の使用例やメールの書き出し、結びの具体的な例をもっと提供すると、新入社員が理解しやすくなるでしょう。

2. より詳細な敬語の説明：敬語の種類（尊敬語、謙譲語、丁寧語）について詳しく説明し、それぞれの適切な使用状況を説明すると良いでしょう。

3. メールのフォーマット：メールの具体的なフォーマットやレイアウトについての指導も含めると、新入社員がビジネスメールを書く際の参考になるでしょう。

4. 文化的な背景：日本のビジネス文化の背景や敬語の使用がなぜ重要なのかについても触れると、新入社員が理解を深めるのに役立つでしょう。

これらの改善点を取り入れることで、より包括的で詳細な指導書を作成することができます。"
73,MXs672cc3sjcVjYXLGZwW8,gpt-4,0,0,"タイトル: 「任天堂とソニーのゲームコンソール比較: 特性、パフォーマンス、ユーザー体験の観点から」

1. はじめに
- 任天堂とソニーのゲームコンソールの概要
- 比較の目的と重要性

2. 任天堂とソニーのゲームコンソールの特性
- 任天堂のゲームコンソールの特性: ハードウェア、ソフトウェア、互換性、コンソールの種類（例: Switch、Wiiなど）
- ソニーのゲームコンソールの特性: ハードウェア、ソフトウェア、互換性、コンソールの種類（例: PlayStation 5、PlayStation 4など）

3. パフォーマンス比較
- グラフィック性能の比較
- ゲームの読み込み速度とフレームレートの比較
- マルチプレイヤー機能とネットワーク安定性の比較

4. ユーザー体験の比較
- ユーザーインターフェースと操作性の比較
- ゲームタイトルとエクスクルーシブゲームの比較
- VR対応とその他の特殊機能の比較

5. 総合評価と結論
- 任天堂とソニーのゲームコンソールの長所と短所のまとめ
- どのゲームコンソールがどのようなユーザーに適しているかの評価
- 最終的な推奨事項

この概要は、読者が任天堂とソニーのゲームコンソールを比較し、自分のニーズに最適な選択をするのに役立つ情報を提供します。"
73,MXs672cc3sjcVjYXLGZwW8,gpt-4,0,1,"任天堂、ソニー、
特性とパフォーマンス、
体験が鍵。"
74,iJdMDnfrcg5fXJhp3hkAPN,gpt-4,0,0,"件名：「ことばの会」で一緒に挑戦しませんか？

親愛なる友人へ、

いつも元気でいるかな？私たちは違うことにチャレンジすることで、自分自身を成長させることができると信じています。そんな中、あなたが公開の場で話すことに苦手意識を持っていることを知って、一つの提案を考えました。

私たちの地元で開催される「ことばの会」に一緒に参加しませんか？この会は、言葉を通じてコミュニケーションを深めることを目的としているボランティア活動です。あなたが苦手とするスキルを克服する絶好のチャンスだと思います。

公開の場で話すことは、誰でも初めは難しいものです。でも、私たちはその中で自分自身を見つけ、成長することができます。そして、何よりも、あなたがどんな時でも私たちを楽しませ、元気づけてくれる力を持っていることを、私は知っています。

あなたがこの「ことばの会」で自分の声を出すことによって、多くの人々があなたの素晴らしさを知ることでしょう。そして、あなた自身も自分の可能性を再認識できると思います。

一緒にこの挑戦をしませんか？私はあなたと一緒にいることで、必ずや素晴らしい経験になると信じています。

あなたの返事を心待ちにしています。

いつも心から応援しています。

あなたの友人、[あなたの名前]より"
74,iJdMDnfrcg5fXJhp3hkAPN,gpt-4,0,1,"件名：一緒に新たな舞台へ足を踏み出しませんか？

親愛なる友人へ、

いつも元気でいるかな？人生とは、新しい道を切り開く冒険だと思いませんか？今日、あなたにぜひともこの冒険に同行してほしいと思って、メールを書いています。

あなたが公開の場で話すことに少し緊張を感じることを知って、一つの提案を考えました。私たちの地元で開催される「ことばの会」に、一緒に参加しませんか？この会は、言葉を通じて人々と繋がるためのボランティア活動です。この舞台は、あなたが苦手と感じていることを克服するための新たな冒険の始まりになると思います。

公開の場で話すことは、まるで初めて泳ぐ海のように感じるかもしれません。でも、一緒に飛び込んでみれば、新たな世界が広がっていることに気づくはずです。そして、何よりも、あなたが私たちを楽しませ、元気づける力を持っていることを、私は知っています。

この「ことばの会」であなたが自分の声を出すことによって、まるで花が咲くように、あなたの魅力が多くの人々に知られることでしょう。そして、あなた自身も自分の可能性を再認識できると思います。

この新たな冒険に一緒に出発しませんか？私はあなたと一緒にいることで、必ずや素晴らしい経験になると信じています。

あなたの返事を心待ちにしています。

いつも心から応援しています。

あなたの友人、[あなたの名前]より"
75,cSmdpLd7ZRra5ef3Eyj7us,gpt-4,0,0,"主人公の侍、坂本龍馬は、江戸時代の終わりに生きた、非常に特異な人物です。彼の個性は強く、一度会ったら忘れられないような存在でした。

龍馬の外見は、一見すると普通の侍と変わらず、着物に袴、黒髪を丁寧に束ねた髷。しかし、彼の目は他の侍たちとは一線を画していました。その眼差しは鋭く、しかし同時に遠くを見つめるような深さを持っていました。彼の目は彼の内面を反映していて、その強さと情熱、そして広い視野を表していました。

龍馬の性格は、彼の時代の中で際立っていました。彼は思慮深く、しかし大胆で、時には反逆者とさえ見なされることもありました。彼は常に自分自身であり続け、自分の信念を曲げることはありませんでした。その一方で、彼は他人の意見を尊重し、常に新しい視点を求めていました。彼の豊かな人間性は、彼が困難な状況でも冷静さを保ち、正確な判断を下すことを可能にしました。

彼の特技は、剣術と舞踏です。彼は剣術の達人であり、彼の剣は彼の意志を直接表現する手段でした。しかし、彼はまた、美しい舞踏を踊ることもできました。この二つの特技は、彼がどのような状況でも自分自身でいることを可能にし、彼が他人と繋がり、理解し合う手段ともなりました。

龍馬の生き様は、彼の性格と特技を反映しています。彼は常に自分自身であり、自分の信念を持ち続け、それを行動に移すことを恐れませんでした。彼は常に新しい視点を求め、自分の理解を深めることを求めていました。彼の生き様は、彼がどんな困難にも立ち向かい、自分自身を信じ続ける強さを示しています。

このように、坂本龍馬はその外見、性格、特技、生き様を通じて、非常に鮮やかな人物像を描き出しています。彼は一見すると普通の侍のように見えますが、彼の内面は非常に豊かで、彼の強さと情熱、そして広い視野を反映しています。"
75,cSmdpLd7ZRra5ef3Eyj7us,gpt-4,0,1,"主人公の侍、坂本龍馬は、幕末の激動の時代を生き抜いた、非常に特異な人物です。その個性は、一度見たら忘れられないほどの強烈さを持っていました。

龍馬の外見は、一見すると他の侍と変わらず、着物に袴、黒髪を丁寧に束ねた髷。しかし、その眼差しは一線を画していました。その眼差しは、平和を求める彼の志を映していました。彼の眼は、時代の変革を見据える彼の広い視野を表していました。

彼の性格は、彼の時代の中で際立っていました。彼は思慮深く、しかし大胆で、時には幕府に反逆すると見なされることもありました。彼は常に自分自身であり続け、自分の信念を曲げることはありませんでした。その一方で、彼は他人の意見を尊重し、常に新しい視点を求めていました。彼の豊かな人間性は、彼が困難な状況でも冷静さを保ち、正確な判断を下すことを可能にしました。

彼の特技は、剣術と舞踏です。彼は剣道の達人であり、その剣は彼の意志を直接表現する手段でした。しかし、彼はまた、雅な舞踏を踊ることもできました。この二つの特技は、彼がどのような状況でも自分自身でいることを可能にし、彼が他人と繋がり、理解し合う手段ともなりました。

龍馬の生き様は、彼の性格と特技を反映しています。彼は常に自分自身であり、自分の信念を持ち続け、それを行動に移すことを恐れませんでした。彼は常に新しい視点を求め、自分の理解を深めることを求めていました。彼の生き様は、彼がどんな困難にも立ち向かい、自分自身を信じ続ける強さを示しています。

このように、坂本龍馬はその外見、性格、特技、生き様を通じて、非常に鮮やかな人物像を描き出しています。彼は一見すると普通の侍のように見えますが、彼の内面は非常に豊かで、彼の強さと情熱、そして広い視野を反映しています。"
76,BXQ8anHTBPfXR7aAZPegqt,gpt-4,0,0,"東京の銀座は、昼夜ともにその魅力を放つ街です。昼間、銀座は活気に満ち溢れています。陽光がビル群に反射し、その輝きはまるで宝石箱を開けたかのよう。歩行者天国となった通りは、地元の人々や観光客で賑わい、高級ブランド店のショーウィンドウが眩しい輝きを放ちます。空気は焼き鳥や寿司、洋菓子店から漂う甘い香りで満たされ、人々の笑い声や交差点の信号音が賑やかな音色を奏でます。

夜になると、銀座はまた違った顔を見せます。ビルの灯りが通りを美しく照らし出し、その光は高級料亭の暖かい灯火と共に夜の街を彩ります。バーからはジャズの音色が漂い、夜の静寂をやさしく包み込みます。焼き鳥屋の煙と共に香ばしい匂いが広がり、さらにその上には寿司や焼き魚の香りが混ざり合います。夜の銀座は、洗練された大人の世界を体現しています。昼夜、それぞれの銀座は、その独特の雰囲気と魅力で人々を引きつけ、忘れられない体験を提供します。"
76,BXQ8anHTBPfXR7aAZPegqt,gpt-4,0,1,決して眠らない東京の銀座は、昼夜ともに独特の魅力を放っています。昼間、銀座は活気に満ち、輝くビル群がまるで宝石箱を開けたかのような眩しさを放ちます。続々と人々が集まる歩行者天国、高級ブランド店のショーウィンドウが輝きを放つ様子、そこから漂う焼き鳥や寿司、洋菓子店の甘い香り、そして人々の笑い声や交差点の信号音が賑やかな音色を奏でます。夜になれば、銀座は洗練された大人の世界へと変わります。街を美しく照らすビルの灯りと高級料亭の暖かい灯火、ジャズの音色が漂うバー、そして焼き鳥屋から広がる香ばしい匂いに寿司や焼き魚の香りが混ざり合う。これらの昼夜の光景、音、匂いが銀座の雰囲気を作り出し、人々に忘れられない体験を提供します。
77,mvE9LYTQMNFte6xsabJhTs,gpt-4,0,0,"「ある晴れた日、公園の桜の木の下で、一冊の古い日記が見つかった。」公園を散歩していた高校生の田中くんが、偶然にもそれを拾ったのだ。日記の表紙は風と時間により色褪せていたが、中にはまだ鮮明な文字で書かれた記録が残っていた。

初めはただの古い日記だと思っていた田中くんだったが、中を読み進めるうちにその日記がただのものではないことに気づく。日記の持ち主は、50年前にこの町で起こった未解決の殺人事件の容疑者だったのだ。

日記には、事件の日の詳細な行動や感情が書かれていた。しかし、その記述は彼が犯人であることを否定するものだった。田中くんは、この日記が真実を語っているのなら、事件の真犯人はまだ逮捕されていないということになる。

彼はこの謎を解き明かすため、図書館で当時の新聞記事を調べたり、事件に関わったとされる高齢の住人に話を聞いたりする。田中くんは、日記の持ち主が書いた感情や事件の日の詳細な行動を元に、事件の新たな視点を見つけ出す。

そしてついに、事件の当日に公園で見かけたという謎の男の存在に辿り着く。彼の特徴は、日記の持ち主が描いたスケッチと一致していた。彼こそが真犯人だと確信した田中くんは、証拠を警察に持ち込む。

警察は新たな証拠と田中くんの調査結果を元に再捜査を開始する。そして、ついに50年前の未解決事件は解決へと向かう。

この日記が田中くんの手に渡ったことで、一つのミステリーが解き明かされた。それは、偶然にも公園の桜の木の下で見つかった一冊の古い日記から始まった物語だった。"
77,mvE9LYTQMNFte6xsabJhTs,gpt-4,0,1,「日記発見、過去の事件解決」
78,euqteTG7zH4Gwf6WGhtUMF,gpt-4,0,0,"序章：忍者の覚醒

ある朝、普通の青年、田中一郎は、彼の日常とは全く異なる世界で目を覚ました。彼がいつも眠っているフツーの一軒家ではなく、古代の日本を思わせる、畳と襖のある和室だった。彼の頭上には、紙製の灯篭が揺れている。一郎は混乱しながらも、自身の体を見つめる。彼の身にまとわりついていたのは、現代のパジャマではなく、黒色の衣装、いわゆる忍者の装束だった。

窓の外には、美しい日本庭園が広がり、遠くには古城が見える。一郎は自身が何故ここにいるのか、何故忍者の装束を着ているのか理解できなかった。しかし、彼の身体は何故か自然と動き、忍者特有の身のこなしを駆使して部屋を動き回る。彼はまるで生まれながらの忍者のように、壁を駆け上がり、天井を逆手に走り抜けた。

そして、部屋の隅にあった、細長い黒い箱を開けると、そこには忍者の武器、手裏剣や短刀がぎっしりと詰まっていた。一郎は手に取った手裏剣を軽く投げると、それは見事に壁の的に刺さった。彼の体は、まるで自分自身の意志とは無関係に、忍者としての技を発揮していた。

この新たな自分自身に驚きつつも、一郎は何か大きな使命を感じていた。彼がここにいる理由、そして忍者としての技を持っている理由。それはきっと、彼が何か重要な役割を果たすために必要なことなのだろうと、彼は直感的に理解した。

そして、新たな日々が始まった。一郎は、自分がなぜ忍者になったのか、そして何のためにここにいるのかを探し求める旅に出るのだった。これは、一郎が忍者としての新たな人生を歩み始める物語の序章である。"
78,euqteTG7zH4Gwf6WGhtUMF,gpt-4,0,1,"1. 混乱と驚き：普通の青年、田中一郎が忍者の装束を身にまとい、古代の日本風の和室で目覚める。
2. 無意識の技術：一郎が自然と忍者の動きを身につけ、手裏剣や短刀を巧みに操る。
3. 未知の使命：一郎が自分の存在理由と忍者としての役割を求め、新たな人生を歩み始める。"
79,mvUcYoFQbJpNmQuwEWDwCs,gpt-4,0,0,"1. ""日本の太陽光発電技術の革新：次世代エネルギーへの道""
2. ""緑色の未来へ: 日本の最新太陽光発電技術の進化""
3. ""光は力: 日本の太陽光発電技術が世界をリード""
4. ""未来への突破口：日本の太陽光発電技術の最新動向"""
79,mvUcYoFQbJpNmQuwEWDwCs,gpt-4,0,1,"""スーパーパワーで緑の未来へ：日本の太陽光パワー進化中！"""
80,LoPFncvMMTGW4PF3VNa2aE,gpt-4,0,0,訂正後の段落は次のようになります：「昨日、私と友人たちは祭りに行った。祭りでは、たくさんの食べ物がありました。たこ焼き、焼き鳥、お好み焼きなど。私たちはすべてが美味しかったと感じました。」
80,LoPFncvMMTGW4PF3VNa2aE,gpt-4,0,1,訂正後の段落は次のようになります：「昨日、祭りに行った。そこにはたくさんの食べ物があり、たこ焼き、焼き鳥、お好み焼きなどがあった。すべてが非常に美味しかった。」
