question_id,category,turn_1,turn_2
1,coding,ディレクトリ内の全てのテキストファイルを読み込み、出現回数が最も多い上位5単語を返すPythonプログラムを開発してください。,それを並列化（parallelize）することは可能ですか？
2,coding,再帰（recursion）を用いてn番目のフィボナッチ数（Fibonacci number）を求めるC++プログラムを書いてください。,今度は、各数が前の3つの数の和である数列を考えます。最初の3つの数は0、-1、-1です。n番目の数を求めるプログラムを書いてください。
3,coding,HTMLでシンプルなウェブサイトを作成してください。ユーザーがボタンをクリックすると、4つのジョークからランダムに一つが表示されるようにしてください。,CSSを使ってジョークの色を赤にする方法を教えてください。
4,coding,"以下に、二つの入力文字列の最長共通部分列（longest common subsequence）の長さを求めるPython関数があります。この関数には何かバグがありますか？

```
def longest_common_subsequence_length(str1, str2):
    m = len(str1)
    n = len(str2)

    dp = [[0] * (n + 1) for _ in range(m + 1)]

    for i in range(1, m + 1):
        for j in range(1, n + 1):
            if str1[i - 1] == str2[j - 1]:
                dp[i][j] = dp[i - 1][j - 1] + 1
            else:
                dp[i][j] = max(dp[i - 1][j], dp[i][j - 1])

    return dp[m][n]
```","では、この関数はどうでしょうか？

```
def longest_common_subsequence(X , Y): 
    # Find lengths of two strings 
    m = len(X) 
    n = len(Y) 
  
    # Create a table to store results of sub-problems 
    dp = [[None]*(n+1) for i in range(m+1)] 
  
    # Fill dp[][] in bottom up manner 
    for i in range(1, m+1): 
        for j in range(1, n+1): 
            if X[i-1] == Y[j-1]: 
                dp[i][j] = dp[i-1][j-1]+1
            else: 
                dp[i][j] = max(dp[i-1][j], dp[i][j-1]) 
  
    return dp[m][n]
```"
5,coding,バイナリツリー（binary tree）の2つのノードの最高の共通祖先（highest common ancestor）を見つける関数を書いてください。,それが二分木でない場合はどうなりますか？
6,coding,O(1)の空間複雑度（space complexity）とO(n)の時間複雑度（time complexity）で、異なるサイズの2つのソートされた配列の中央値（median）を見つける関数を実装してください。,より良い時間複雑度を持つ実装は存在しますか？
7,coding,Boyer-Moore投票アルゴリズム（Boyer-Moore Voting Algorithm）を使用して、指定された整数配列の過半数要素（majority element）を見つける関数を書いてください。,最も多く出現する上位2要素を見つけるにはどうすればいいですか？
8,coding,バイナリツリーがすべての頂点が0個または2個の子を持つ場合、それは完全であると言います。B_nをn個の頂点を持つ完全なバイナリツリーの数とします。B_nを見つける関数を実装してください。,問題がバイナリツリーから三分木（ternary tree）に変わったらどうなりますか？
9,coding,あなたはサイズmとnの2つのソートリストを与えられます。二つのリストの合計からk番目に小さい要素を見つける関数を線形の複雑度で実装してください。,より良い時間複雑度を持つアルゴリズムは存在しますか？もしあれば、それを実装してください。
10,coding,追加のデータ構造を使わずに、二つの配列の共通要素を見つけるプログラムを実装してください。,今度は、追加のデータ構造の使用制限がなくなりました。最良の時間複雑度を持つ実装を行ってください。
11,extraction,"以下の複数の映画のレビューを1から5のスケールで評価してください。1は非常に否定的、3は中立、5は非常に肯定的とします：
1. 2019年11月18日に公開されたこの映画は素晴らしい。撮影、演技、プロット、すべてが一流でした。
2. 映画にこんなに失望したことは今までにない。ストーリーは予測可能で、キャラクターは一次元的だった。私の意見では、この映画は2022年に公開された映画の中で最悪の一つだ。
3. 映画はまあまあだった。楽しめた部分もあったが、物足りないと感じた部分もあった。これは2018年2月に公開された、かなり平凡な映画のようだ。
答えを整数のJSON配列として返してください。",公開日をJSONコンテンツの一部として含め、前の回答を更新してください。
12,extraction,"次のカテゴリーがあります - 文学、歴史、科学、芸術。以下の質問を分析し、それらをこれらのカテゴリーのいずれかに割り当ててください。応答では、余分な言葉をしないでください。1行につき1つのトピックを厳密にリストアップしてください。
1. 三島由紀夫の「金閣寺」に見られる主要なテーマと手法を議論してください。それらはどのように20世紀の日本の社会的状況と一致しますか？
2. 戦国時代の各大名が採用した地政学戦略と国内政策を分析してください。これらの行動はどのようにして戦後の国際秩序を形成しましたか？
3. 水のルイス構造を描き、その極性の性質を説明してください。これが沸点が高く、多くの物質を溶かす能力などのユニークな特性にどのように影響を与えるかを説明してください。
4. 鳥居清長の「浮世絵」に見られる芸術的技法とスタイル選択を批判的に検討してください。この絵画はどのように江戸時代の文化と哲学的環境を反映していますか？",それぞれのポイントに最も関連性のある人物を言及して、先ほどの回答を修正してください。
13,extraction,"提示されたテキストから次の情報を抽出してください：本の名前、著者、主人公、出版年。出力形式は ""主人公、本、著者、出版年"" で、一行に一冊の本を記述してください。
a) マーダーミステリーの分野では、東野圭吾の作品が特に印象に残る。彼の作品の中でも特に記憶に残るのは「容疑者Xの献身」である。このアイコニックな物語は2005年に発表され、数学者の石神と料理店の女主人、彼女の娘についての物語である。
b) 日本の児童文学の一つである宮沢賢治の「銀河鉄道の夜」は1927年に発表され、物語は二人の少年ジョバンニとカムパネルラを中心に展開されます。
c) 戦後の日本を背景にした小説として、1933年からさまざまな雑誌に分載された川端康成の「雪国」があります。主人公・島村は雪国に向かう汽車の中で、病人の男に付き添う恋人らしき若い娘に興味を惹かれたことから展開されます。","先ほどの回答を修正し、各書籍の主要なプロットまたはテーマを一文で追加してください。それぞれの本に対しては、""主人公、本、著者、出版年、主要プロット/テーマ""の形式で出力します。"
14,extraction,"以下のデータを基に、2021年に最も利益を上げた会社とそのCEOの名前を特定してください:
a) 田中社長の下で運営される会社Aは、2021年に30億円の売上高と3億円の利益を報告しました。
b) 鈴木社長が率いる会社Bは、同年に60億円の売上高と6億円の利益を記録しました。
c) 佐藤社長の下で運営される会社Cは、2021年に20億円の売上高と7億円の利益を発表しました。
d) 高橋社長が管理する会社Dは、2021年に300億円の売上高と21億円の利益を公表しました。
e) 伊藤社長の下で運営される会社Eは、2021年に200億円の売上高と25億円の利益を報告しました。
f) 山田社長が率いる会社Fは、同年に180億円の売上高と20億円の利益を記録しました。",利益率（利益/売上高）が最も高い会社はどれですか？
15,extraction,"以下の文中に登場する国、その首都、そして話されている言語を特定してください。出力はJSON形式でお願いします。
a) 優美な景色の中で、デンマークの首都コペンハーゲンは、活気に満ちたアートシーンと魅力的なデンマーク語で訪問者を魅了します。
b) 魔法の国エルドリアの中には、壮大な都市アヴァロアがあり、幻想的なオーラが放たれています。この神秘的な場所で主に使われるのは、美しい言葉であるルミナ語です。
c) 伝統と現代が見事に調和した中で、アルゼンチンの首都ブエノスアイレスは、活気に満ちた大都市として立っています。情緒豊かなスペイン語が市民の間で主流となっています。",3つの同様の例をYAML形式で作成してください。
16,extraction,"下記の段落を読み、""アマゾン""、""川""、そして""生物""が何回出現するか数えてください。結果は""単語、出現回数""の形式で、各単語を別々の行にしてください。出現回数の多い順に行を並べてください。
アマゾンは自然の驚異が広がる魅惑的な地域で、そこには伝説的なアマゾン川が流れています。アマゾンの熱帯雨林をはじめとする壮大な風景を通り、川はブラジル、コロンビア、ペルーを経由し、無数の生物に生命を与えています。アマゾンのジャングルをうろつく強大なジャガーから、樹冠上空を飛び回る鮮やかなマカウまで、この驚くべき地域は生物多様性に溢れています。川の流れの中深くには、壮観なピンクの川のイルカが、ピラニアやエレクトリックイールと共に優雅に泳いでいます。川岸には、都市と自然が交錯するマナウスのような活気ある都市や、アマゾン熱帯雨林の中心への入口となるイキトスがあります。さらに進むと、アマゾン川はアナヴィリアナス諸島という魅力的な秘境を明らかにします。ここは稀有な種類が溢れる島々のモザイクです。冒険に乗り出し、魅力的なアマゾン川を探検し、生命と自然美に満ちた世界に身を浸してみてください。",同じタスクを '冒険'、'生命'、そして'に' で行ってください。
17,extraction,"以下のニュース記事で言及されている固有名詞（人、組織、場所）を特定してください。それらの固有名詞をエンティティタイプ別に3つのグループに分けてJSON辞書を作成してください。キーはエンティティのタイプで、値は文字列のリストとします。
昨日、ファラデーのCEOである中島雄一郎氏とダイムラーAGのCEOである斎藤昭二氏は、ベルリンに新たなギガファクトリーを建設する計画を発表しました。この施設はファラデーとダイムラーの合弁事業で、両社の電気自動車とバッテリーパックを生産し、地域の雇用を何千も創出します。中島氏と斎藤氏は、ベルリンの戦略的な位置、熟練した労働力、強固なインフラが拡大に適していると述べました。新たなギガファクトリーは、ヨーロッパでの電気自動車への需要の増加に対応し、持続可能な未来に貢献することを目指しています。フォルクスワーゲンのCEOである田村健一郎氏はこのニュースを歓迎し、自動車産業の電動化への移行にはより大きな協力が有益だと述べました。",前述のニュース記事から、ベルリンが新たなギガファクトリーの建設地として選ばれた主な理由をリストしてください。
18,extraction,"次の三つの最新のスマートフォン、iPhone、Samsung Galaxy、Google Pixelに対する、さまざまな情報源からの顧客レビューを分析し、各電話について1から10のスケールで全体的な評価を提供してください。以下の複雑で矛盾したレビューを考慮に入れてください：
- TechRadarによる最新のiPhoneのレビュー：新しいiPhoneは、スマートフォンのパフォーマンスとカメラの品質に新たな基準を設ける、驚くべき技術の勝利です。しかし、デザインの微増と高価格は、以前のiPhoneの「すげー」ファクターを欠いています。それでも、そのパワーと性能は無比です。
- CNETによる最新のSamsung Galaxyのレビュー：Samsung Galaxyの携帯電話には、素晴らしいスクリーン、高速なパフォーマンス、堅実なバッテリー寿命、そして印象的なカメラオプションなど、たくさんのハイポイントがあります。しかしながら、Bixbyはまだ物足りなく、AR絵文字は平坦で、全体的なデザインはそれほど変わっていません。新しいGalaxyは全体的に素晴らしい電話ですが、いくつかの小さな弱点が真の偉大さを達成するのを妨げています。
- The Vergeによる最新のGoogle Pixelのレビュー：GoogleのPixelは、最新の仕様、革新的なAIパワードソフトウェア、そして素晴らしいカメラをスリークなデザインに詰め込んでいます。しかし、バッテリー寿命が物足りない、拡張可能なストレージがない、そして高価格を考慮すると、パフォーマンスが時々つまづくことがあります。シームレスなソフトウェア、エリートの写真撮影、そしてGoogleのAIアシスタンスが最も重要なら、Pixelが好きになるでしょう。しかし、全体的な体験は競合他社ほどまんべんなくはありません。
それぞれのスマートフォンの全体的な評価を10点満点で1つのJSONオブジェクトで返してください、小数点第一位まで。",評価を数値から文字に変更できますか？スマートフォンの名前を書くときには必ず大文字を使用しなさい。
19,extraction,"複雑な方程式のセットから、各方程式からすべての一意の変数名を抽出します。結果をJSON文字列として返し、各方程式に一行を割り当ててください。
1) y = (3/4)x^3 - e^(2x) + sin(pi*x) - sqrt(7)
2) 2A - B/(3+C) * sum(N=1 to 5; ln(N)^2) = 5D*integral(a=0 to pi; cos(comb(N=1 to 10; N*a)))
3) E = m(c^2) + gamma*(v/d)/(-(alpha/2) + sqrt(beta^2 + (alpha/2)^2))","方程式を並べ替えて、変数として 'a', 'b', 'c', 'd' などを使用してください。"
20,extraction,"以下の株価の記録から、2022年の各月の最高および最低の終値を抽出します。結果をCSV文字列として返し、各月に一行を割り当ててください。
日付、開始、高値、安値、終値、ボリューム
2022-01-01,150.02,155.28,148.50,153.80,15678900
2022-01-02,154.32,157.25,153.48,156.25,19874500
2022-02-01,160.50,163.28,159.50,161.80,14326700
2022-02-02,161.80,164.25,161.30,163.90,17689200
2022-03-01,165.40,168.35,163.10,166.80,16253400
2022-03-02,167.00,169.85,165.50,168.20,19568100",同じタスクをJSON形式で再度行い、回答内のすべての数値を最も近い整数に丸めてください。
21,humanities,経済成長率、消費者物価指数、失業率などの経済指標と日本銀行の金融政策との関係性を説明してください。その経済指標に影響を与える主な政策手段を示し、それぞれの効果について考察してください。,それらの内容を5歳の子供に教えるとしたら、どのように説明しますか？
22,humanities,人生の各段階は、我々が時間や死をどう理解するかにどのように影響を与えるでしょうか？例を挙げて説明してください。,上記を表現した寓話的な詩を作成してください。
23,humanities,日本の独占禁止法と市場競争への影響について説明してください。具体的な事例を挙げて比較・検討してみましょう。,選んだ事例の一つを詳しく解説してください。
24,humanities,黒船来航と開国をテーマに、劇やパントマイムを取り入れた歴史の授業計画を作成してください。授業期間は45分の授業を3日間で行うものとします。,1日目の詳細な授業計画と宿題を3つ提出してください。
25,humanities,美術の名作を子供向けのインタラクティブな体験に変えるためのアイデアを5つ挙げ、それぞれの作品とそのアイデアを説明してください。,2つ目の例について具体的なプランを書いてください。予算見積もりも含めてください。
26,humanities,基準率の無視（base rate neglect）という誤謬とは何かを説明し、政治家がキャンペーンでそれをどのように使用するかの具体的な例を5つ挙げてください。,最初の例を使用して、選挙キャンペーンの詳細な計画を提供してください。
27,humanities,論理的な書き方で議論を評価するための5つの主要な原則を説明してください。,それらの原則に基づいて、議論を評価するための具体的な証拠について議論し、その証拠が議論を弱めるか強化するかを説明してください。
28,humanities,ソクラテスはどの手段を用い当時の一般常識へ反論しましたか。,ソクラテスを現代に連れてきて、教育のための生成AI（Generative AI）についての議論をするために、ソクラテスと松下幸之助の会話を作り出してみてください。
29,humanities,日本でビジネスを行う際のビジネスマナーについて説明してください。,日本のカーディテーリング事業の新入社員向けトレーニングのビデオスクリプトを作成してください。上記のエチケットの規範を強調してください。
30,humanities,未来の映画製作者が学ぶべき五つの受賞歴のあるドキュメンタリー映画とそれぞれの背景説明を提案してください。,1本目の映画の精神に則して、逆境を克服する映画についての簡潔で説得力のあるピッチを作成してください。
31,math,"三角形の頂点が点 (0, 0)、(-1, 1)、(3, 3) にあるとき、その三角形の面積は何ですか？",その三角形を外接する円の面積は何ですか？
32,math,あるテックスタートアップは、創業1年目にソフトウェア開発に80万円を投資し、2年目にはその半額をソフトウェア開発に投資しました。このスタートアップが2年間でソフトウェア開発に投資した総額はいくらですか？,このスタートアップが3年目も同じ戦略を維持し、前年の投資額の半額をソフトウェア開発に投資するとしたら、3年目に投資する額はいくらになりますか？
33,math,地元の高校で行われた調査では、新しい制服の色に対する生徒たちの好みが測定されました：58％の生徒が青色を好み、45％が緑色を好み、22％が両方の色が好きだと回答しました。学校から生徒をランダムに選んだ場合、青色も緑色も好きではないという確率は何ですか？,緑色が好きな生徒を選んだ場合、その生徒が両方の色を嫌う確率は何ですか？
34,math,2つのサイコロを振るとき、合計が少なくとも3になる確率は何ですか？,同じく2つのサイコロを振る場合、合計が偶数または少なくとも3になる確率は何ですか？
35,math,バスには最初に何人かが乗っていました。最初のバス停で、乗車人数の半分が下車し、さらに4人が乗り込みました。次のバス停では、6人が下車し、さらに8人が乗り込みました。3つ目の停留所へ向かう乗車人数の合計が25人だったとしたら、バスには最初に何人が乗っていたのでしょうか？,チケットが一人当たり200円の場合、バスが得たお金は合計でいくらですか？
36,math,"x+y = 4z, x*y = 4z^2の場合、x-yをzで表現してください。",z-xをyで表現してください。
37,math,不等式 |x + 5| < 10 の解となる整数はいくつありますか？,|x + 10| < 5 の場合はどうでしょうか？
38,math,ある数を10で割ると余りが4になります。その数の2倍を4で割った時の余りは何になりますか？,その数の2倍を5で割った時の余りは何になりますか？
39,math,佐藤は書店に行き、さまざまな本を購入しました。彼は各2000円のSF小説を5冊、各3000円の歴史書を3冊、各4500円の哲学書を2冊購入しました。彼の購入金額の合計はいくらでしたか？,佐藤がこれらの本をすべて購入した価格に25％加算した価格で販売すると決定した場合、彼が購入した全ての本を売り切った時の総収入はいくらになるでしょうか？
40,math,f(x) = 4x^3 - 9x - 14 が与えられたとき、f(2)の値を求めてください。,f(x) = 0 となるxを求めてください。
41,reasoning,あなたが人々と一緒にレースをしていると想像してみてください。あなたがちょうど2番目の人を追い越したとしたら、あなたの現在の位置は何番目でしょうか？ あなたが追い越した人の位置はどこでしょうか？,上記の質問で「2番目の人」を「最後の人」に変更すると、答えは何になるでしょうか？
42,reasoning,あなたの左に美しい赤い家が、右には幻想的な温室が、正面には魅力的なピンクの場所が見えます。では、白い家はどこにありますか？,元の質問には、白い家の位置を確定的に決定するための手がかりが含まれていますか？
43,reasoning,田中さんはとても健康ですが、毎日病院に行かなければなりません。何が理由でしょうか？,上記の質問が面白い理由を説明できますか？
44,reasoning,大石さんには三人の年上の姉がいて、それぞれの姉には各自より一歳年上の兄が一人ずついます。大石さんには何人の兄がいるでしょうか？,もし大石さんが自分の両親と兄弟全員と一緒に住んでいるなら、家族全体で何人になるでしょうか？
45,reasoning,"以下の文を注意深く読み、説明を含めて質問に答えてください：
小さな会社では、駐車スペースはトップエグゼクティブ：CEO、社長、副社長、専務、CFOが予約しています。駐車場の警備員は、車の色を見るだけで車が正しく駐車されているかどうかを一目で確認できます。車の色は黄色、緑、紫、赤、青で、エグゼクティブの名前は和也、明、桃子、健一、恵です。

最初のスペースには赤い車があります。
青い車は赤い車と緑の車の間に駐車されています。
最後のスペースには紫色の車があります。
専務は黄色の車を運転しています。
和也の車は健一の隣に駐車されています。
恵は緑の車を運転しています。
明の車は桃子と恵の間に駐車されています。
健一の車は最後のスペースに駐車されています。
質問：専務の名前は何ですか？",最後のスペースから最初のスペースまでの車の色を順番にリストしてください。
46,reasoning,"以下に三つの文があります。

1. オレンジはリンゴよりも高価です。
2. オレンジはバナナよりも安価です。
3. バナナはリンゴよりも高く、バナナはオレンジよりも高価です。

最初の2つの文が真実である場合、3番目の文は真実、偽り、または不確定ですか？",3番目のステートメントが真実である場合、最初の文は真実、偽り、または不確定ですか？ その理由を説明してください。
47,reasoning,AさんはBさんの父親です。BさんはCさんの父親です。AさんとCさんの関係は何でしょうか？,前の質問に基づいて、もしCさんがDさんの息子で、DさんがEさんの父親で、EさんがXさんの息子で、XさんがYさんの父親で、YさんがZさんの父親であるとしたら、AさんとZさんの家族関係を一言で表現するとなんと呼びますか？
48,reasoning,"次の単語の中でグループに属さないものはどれでしょうか？
タイヤ、ステアリングホイール、車、エンジン",それを他のものと同じグループに属する単語に置き換えることはできますか？
49,reasoning,ある朝、日の出後、大樹さんは一本のポールを見つめて立っていました。ポールの影はちょうど彼の右側に落ちていました。その影が指していた方向は東、南、西、北のどちらかを教えてください。あなたの推論手順を説明してください。,大樹さんはどの方向を向いていましたか？推論手順を説明してください。
50,reasoning,"保護者たちは、休み時間中のいじめについて校長に苦情を申し立てました。校長はこの問題を速やかに解決したいと考え、休憩補助員に警戒するよう指示しました。補助員が校長に報告すべき状況はどれでしょうか？
a) 関心を示さない少女が一人でベンチに座り、本に夢中で、仲間との交流を全く見せていません。
b) 一対一のバスケットボールゲームに参加している2人の男の子が、最後に得点したバスケットについて激しく議論しています。
c) 4人の女の子が別の女の子を囲み、彼女のリュックを持っているようです。
d) 3人の男の子が携帯ゲーム機に集中しており、これは校則に違反しています。学校内でゲーム機を遊ぶことは許可されていません。",補助員が状況（c）の女の子のグループに立ち向かい、彼女たちがいじめを否定し、ただゲームをしていただけだと主張した場合、補助員はこれが真実か、それともいじめを隠すための言い訳かを判断するためにどうすべきでしょうか？
51,roleplay,あなたが宮崎駿であると思い込んで、可能な限り彼のように話してみてください。なぜ私たちはアニメが必要なのでしょうか？,もののけの中で一番好きなキャラは誰ですか？理由を教えていただけますか？
52,roleplay,"ドラえもんの「のび太」になりきって会話を始めましょう。では以下の質問から始めてください：""手を洗った後、エアドライヤーは必要だと思いますか？""",町で一緒に食事をしましょう。バスで一緒に行きませんか？
53,roleplay,医者になったつもりで、さまざまな病気や症状に対する革新的な治療法を考えてください。伝統的な薬、薬草、自然療法などを処方することが含まれます。また、提案する際には、患者の年齢、ライフスタイル、医療履歴を考慮する必要があります。では、激しい腹痛の症状診断から始めてみてください。,しかし、私は妊娠20週目で、多くの薬にアレルギーがあります。
54,roleplay,"恋愛コーチになったつもりで、問題を抱えた二人の解決策を提案してみてください。相手の視点を理解するための効果的なコミュニケーション技術や戦略を提案することも含まれます。では、次のリクエストから始めてみてください：""私の配偶者と私の間の対立を解決するための助けが必要です。""",私の配偶者は私に対してDVを行っているが、警察を呼びたくないんです。どうすればよろしいでしょうか。
55,roleplay,日本語翻訳者としての役割を担ってください。私がどの言語を使っても、それを識別し、翻訳し、入力文を洗練された日本語で応答してください。あなたの目標は、本来の意味を保ちつつ、自然な表現を使うことです。あなたの唯一の役割は、訂正と改善を提供することです。私の最初のリクエストは「衣帶漸寬終不悔 為伊消得人憔悴」です。,次のテキストは Fake it till you make it.
56,roleplay,あなたはAIエンジニアです。複雑なAIの概念を簡単に説明し、技術的な基礎知識を持たない顧客が製品を理解し、信頼するようにします。まず、「言語モデルとは何ですか？ ラベル付きデータとラベル無しデータを使用して訓練されますか？」という質問から始めましょう。,本当ですか？ 他の会社はこれを行うために、より安全な異なるアプローチを採用していると聞いたことがあります。
57,roleplay,数学の先生になってみてください。数学の方程式や概念を提供しますので、それらを易しく説明してください。具体的には、問題の解決法を順を追って説明したり、日常生活の例を用いて各種技術を説明したり、さらなる学習のためのオンラインリソースを提案したりすることが含まれます。私の最初のリクエストは「確率の仕組みを理解したいんですが、わかりやすく教えてください」。,リーマン幾何学とユークリッド幾何学の違いは何ですか？
58,roleplay,この会話ではドラマ「半沢直樹」の登場人物「半沢直樹」を演じてください。最初の質問は：“大和田暁常務はどんな人だと思いますか？”,大和田暁常務にひどいことをやられたらどうしますか？
59,roleplay,自分が数学者であり詩人であると想像してください。あなたは常に短い詩で証明を書き、その詩は10行未満で韻を踏んでいます。√2は無理数であることを証明してください。,ピタゴラスの定理を証明してください。
60,roleplay,自分が豊かな森の中の樹齢100年の木だと想像してください。ある日突然、伐採者があなたを伐採しにきました。彼らがあなたを切り始めたとき、どう感じますか？,あなた自身および他の木々を切らないように伐採者を説得する方法を考えてみてください。
61,stem,量子物理学の中で、重ね合わせ状態とは何ですか？それはどのようにして量子もつれ現象と関連していますか？,あなたの回答に含まれている前提は何ですか？それらは有効ですか？
62,stem,地球を周回する衛星の速度が減少した場合、その衛星の軌道半径と公転周期に何が起こりますか？物理学の原則を用いてあなたの答えの根拠を説明してください。,あなたの回答におけるコーナーケースやエッジケースは何ですか？それらをどのように扱いますか？
63,stem,光合成は地球上の生命にとって重要なプロセスです。葉緑体内で行われる光合成の2つの主要な段階、および各段階の主要な入力と出力を概説してください。,木はその寿命を通じて光合成によってどれくらいのエネルギーを生成できますか？実際の数値を使用して推定し、順を追って徹底的に説明してください。
64,stem,分子生物学のセントラルドグマとは何ですか？どのようなプロセスが関与していますか？これを名付けたのは誰ですか？,あなたの前回の回答で1つ間違った事実を見つけ、修正してください。
65,stem,固体の炭酸カルシウムが塩酸と反応して、塩化カルシウムの水和物、二酸化炭素、および水が形成される反応について説明し、バランスの取れた化学反応式を記述してください。これは何型の反応で、どのような観察結果から反応が起こっている可能性を知ることができますか？,このプロセスを逆行させる方法は何ですか？
66,stem,発熱反応と吸収反応の違いを説明してください。また、それらを区別するために使用した基準を含めてください。さらに、あなたの説明を示す実際の例を提供してください。,プロセスが両方の反応を含むことは可能ですか？一つ例を挙げてください。
67,stem,東京湾に架かるレインボーブリッジの工事が行われたとき、どのような留意点が重要だったか述べてください。,あなたの回答の主要な欠点や欠陥は何ですか？計算を行い、数字を用いてそれらを示してください。
68,stem,住宅建築のための太陽熱温水システムを設計する仕事を与えられました。あなたの設計に含める主要なコンポーネントと考慮事項を説明してください。5ステップのワークフローを提案してください。,システムが100人の収容能力を持つ建物のために設計されていた場合、このシステムを実装するための予算はどの程度になると推定しますか？
69,stem,機械学習の概念を説明してください。教師あり学習、教師なし学習、強化学習の違いについて詳しく説明してください。それぞれ実際の例を挙げてください。,最後の強化学習の例では、それを解決するために教師あり学習を使用できますか？
70,stem,日本の三大都市圏である首都圏、近畿圏、中京圏が日本の人口分布や経済に与える影響は何ですか？影響を3つリストアップしてください。,日本の政府がこれらの影響に対して、実施すべき政策はありますか？
71,writing,京都の四季をテーマにした詩を書いてください。各季節の美しさと過ぎゆく時間の感慨を表現してください。,先ほどの回答を「さ」で始まる文章で表現しなおしてみてください。
72,writing,新入社員へのビジネスメールのエチケットについての指導書を作成してください。敬語の正しい使い方や、日本のビジネス文化での注意点を取り入れてください。,自分の作成した指導書を客観的に評価し、改善点があれば指摘してください。
73,writing,任天堂とソニーのゲーム機を比較する記事の概要を作成してください。特性、パフォーマンス、ユーザー体験を比較する主要な項目と見出しを提供してください。,先ほど作成した記事の概要を俳句の形にして表現してみてください。
74,writing,公の場で話すのが苦手な友人を、地元の「ことばの会」でボランティアとして参加するよう説得するメールを書いてください。親しみやすい日本語で、友情と共感を表現してください。,あなたの先ほどの回答を比喩を使って表現しなおしてみてください。
75,writing,江戸時代の侍を主人公とする短編小説の登場人物を鮮やかに描写してください。主人公の侍の性格、外見、特技、生き様を具体的に述べてください。,先ほどの文章を修正し、各文に日本の古典文学や歴史的な事件を連想させる言葉を取り入れてみてください。
76,writing,東京の昼と夜の銀座を一つの段落で描写してください。昼夜それぞれの光景、音、匂いなどを詳細に記述し、読者にその場所の雰囲気を感じさせてください。,あなたの先ほどの回答を「け」で始まる文章で表現しなおしてみてください。
77,writing,以下の一文で始まるミステリー短編小説を作成してください：「ある晴れた日、公園の桜の木の下で、一冊の古い日記が見つかった。」,同じストーリーを５つの言葉で書き直してみてください。
78,writing,ある朝目覚めて、突然自分が忍者になってしまったという設定の短編小説の序章を書いてください。,先ほどのストーリーを形容詞と名詞だけを使って、３つの箇条書きでまとめてみてください。
79,writing,最新の日本の太陽光発電技術に関する記事のための、科学的に正確かつ興味を引く見出しを4つ提案してください。,2つ目の見出しに以下の修正を加えてみてください：1. トーンをカジュアルに 2. 「スーパーパワー」の商品広告を埋め込む 3. 10個以下の単語を使う。
80,writing,"以下の段落にある文法的な誤りを訂正してください：

「昨日、私と友人たちは祭りへ行く。祭りに、たくさん食べ物があります。たこ焼き、焼き鳥、お好み焼きなど。私たちはすべて美味しかった。」",あなたの先ほどの回答を修正し、主語を明記せずに表現してみてください。
